"","PWS_NAME","PWSID","REGISTRY_ID","EPA_REGION","ZIP_CODE_SERVED","CITY_SERVED","COUNTY_SERVED","TRIBE_SERVED","BIA_TRIBE_CODE","ANSI_ENTITY_CODE","PRIMACY_TYPE","PRIMACY_AGENCY","PWS_TYPE","OWNER_TYPE","SCHOOL_OR_DAYCARE","WHOLESALER","SOURCE_WATER_TYPE","POPULATION_SERVED_COUNT","POPULATION_CATEGORY_SERVED","SERVICE_CONNECTIONS_COUNT","COMP_PERIOD_BEGIN_FYQTR","VIOLATIONS_NON_RTC_COUNT","VIOLATIONS_NON_RTC_COUNT_RANGE","HBV_NON_RTC_COUNT","HBV_NON_RTC_COUNT_RANGE","HB_RULES_VIOL_NONRTC","HBV_COUNT_QTRS_5YRS","HBV_COUNT_QTRS_5YRS_RANGE","HB_RULES_VIOLATED_5YRS","LCR_VIOL_NONRTC_COUNT","LCR_VIOL_NONRTC_COUNT_RANGE","LCR_VIOL_COUNT_QTRS_5YRS","LCR_VIOL_COUNT_QTRS_5YRS_RANGE","MR_VIOL_COUNT_QTRS_5YRS","MR_VIOL_COUNT_QTRS_5YRS_RANGE","FEA_VIOL_NONRTC_COUNT","FEA_VIOL_NONRTC_COUNT_RANGE","LEAD_ALE_5YRS_YN","LEAD_ALE_COUNT_5YRS","LEAD_ALE_COUNT_5YRS_RANGE","LEAD_SAMPLE_COUNT_5YRS","LEAD_SAMPLE_COUNT_5YRS_RANGE","SL_RPT_STATUS","NUM_GALVANIZED_REQUIRING_REPLACEMENT_SL","NUM_LEAD_SERVICE_LINES","NUM_LEAD_STATUS_UNKNOWN_SL","NUM_NONLEAD_SERVICE_LINES","TOTAL_NUM_SERVICE_LINES_REPORTED","ENF_PRIORITY_SYS","SS_OUTSTAND_PERFORM","SS_OUTSTAND_PERFORM_BEGIN_DATE","TRMT_4LOG_OR_GREATER","SS_DATE_MOST_RECENT","SS_SURVEY_OVERDUE","SS_VISIT_TYPE","SS_SIGD_OR_SAND_INFRA_YN","SS_SIGD_OR_SAND_CAP_YN","MANAGEMENT_OPS_EVAL_CODE","SOURCE_WATER_EVAL_CODE","SECURITY_EVAL_CODE","PUMPS_EVAL_CODE","OTHER_EVAL_CODE","COMPLIANCE_EVAL_CODE","DATA_VERIFICATION_EVAL_CODE","TREATMENT_EVAL_CODE","FINISHED_WATER_STOR_EVAL_CODE","DISTRIBUTION_EVAL_CODE","FINANCIAL_EVAL_CODE","STATE_DWSRF_DAC","DWSRF_AWARDS_10YRS_COUNT","DWSRF_AWARDS_10YRS_COUNT_RANGE","PWS_MHI_WEIGHT","PCT_LOWINC","PCT_RURAL","PCT_UNEMPLY","PCT_LOWINC_RANGE","PCT_RURAL_RANGE","PCT_UNEMPLY_RANGE","DFR_URL"
"99","Eastern Shawnee","061000101","110047850296","Region 6","Data not available","Data not available","Data not available","Eastern Shawnee Tribe of Oklahoma","921","Data not available","Tribal","EPA Region 6","Community water system","Tribal Government","N","N","Groundwater",796,"501-3,300",61,"2025Q4",0,"0",0,"0","No HBV Identified",0,"0","No HBV Identified",0,"0",0,"0",0,"0",0,"0","N",0,"0",0,"0","Reported all required service line types",0,0,0,61,61,"N","N",NA,"N",2022-08-18,"N","Sanitary Survey, Complete","N","N","No deficiencies or recommendations","No deficiencies or recommendations","No deficiencies or recommendations","No deficiencies or recommendations","Not Applicable","No deficiencies or recommendations","No deficiencies or recommendations","No deficiencies or recommendations","No deficiencies or recommendations","No deficiencies or recommendations","Not evaluated","N/A - No DWSRF",0,"0",NA,NA,NA,NA,"Data Not Available","Data Not Available","Data Not Available","https://echo.epa.gov/detailed-facility-report?fid=110047850296"
"110","Tonkawa Tribe Of Oklahoma","062005885","110071769076","Region 6","Data not available","Data not available","Data not available","Tonkawa Tribe of Indians of Oklahoma","814","071","Tribal","EPA Region 6","Community water system","Tribal Government","N","N","Groundwater",400,"<=500",110,"2025Q4",1,"1-10",0,"0","No HBV Identified",0,"0","No HBV Identified",1,"1-5",1,"1-5",1,"1-5",0,"0","N",0,"0",0,"0","Reported all required service line types",0,0,108,2,110,"N","N",NA,"N",2024-09-12,"N","Sanitary Survey, Complete","N","Y","Significant deficiencies","No deficiencies or recommendations","Minor deficiencies","No deficiencies or recommendations","Not Applicable","No deficiencies or recommendations","No deficiencies or recommendations","No deficiencies or recommendations","Minor deficiencies","No deficiencies or recommendations","Not evaluated","N/A - No DWSRF",0,"0",NA,NA,NA,NA,"Data Not Available","Data Not Available","Data Not Available","https://echo.epa.gov/detailed-facility-report?fid=110071769076"
"112","Jones Academy","063006122","110063368172","Region 6","Data not available","Data not available","Data not available","The Choctaw Nation of Oklahoma","907","Data not available","Tribal","EPA Region 6","Community water system","Tribal Government","Y","N","Surface water",290,"<=500",1,"2025Q4",0,"0",0,"0","No HBV Identified",4,"1-5","Stage 2 Disinfectants and Disinfection Byproducts Rule",0,"0",0,"0",4,"1-5",0,"0","N",0,"0",0,"0","Reported all required service line types",0,0,10,4,14,"N","N",NA,"N",2023-08-15,"N","Sanitary Survey, Complete","N","N","No deficiencies or recommendations","No deficiencies or recommendations","No deficiencies or recommendations","No deficiencies or recommendations","Not Applicable","No deficiencies or recommendations","No deficiencies or recommendations","No deficiencies or recommendations","No deficiencies or recommendations","No deficiencies or recommendations","Not evaluated","N/A - No DWSRF",0,"0",NA,NA,NA,NA,"Data Not Available","Data Not Available","Data Not Available","https://echo.epa.gov/detailed-facility-report?fid=110063368172"
"150","Pawnee Tribal Complex","064026001","110047741100","Region 6","Data not available","Data not available","Data not available","Pawnee Nation of Oklahoma","812","Data not available","Tribal","EPA Region 6","Community water system","Tribal Government","N","N","Groundwater",485,"<=500",35,"2025Q4",0,"0",0,"0","No HBV Identified",0,"0","No HBV Identified",0,"0",0,"0",0,"0",0,"0","N",0,"0",0,"0","Reported all required service line types",0,0,32,0,32,"N","N",NA,"N",2023-08-03,"N","Sanitary Survey, Complete","N","N","No deficiencies or recommendations","No deficiencies or recommendations","No deficiencies or recommendations","No deficiencies or recommendations","Not Applicable","No deficiencies or recommendations","No deficiencies or recommendations","No deficiencies or recommendations","No deficiencies or recommendations","No deficiencies or recommendations","Not evaluated","N/A - No DWSRF",0,"0",NA,NA,NA,NA,"Data Not Available","Data Not Available","Data Not Available","https://echo.epa.gov/detailed-facility-report?fid=110047741100"
"902","TEZDLENDE ESTATES AND WATERING POINT","AK2291279","110012964569","Region 10","Data not available","GLENNALLEN","Valdez-Cordova Census Area","Data not applicable","Data not applicable","261","State","Alaska","Community water system","Federal government","N","N","Groundwater",75,"<=500",10,"2025Q4",3,"1-10",2,"1-5","Ground Water Rule",1,"1-5","Ground Water Rule",0,"0",0,"0",1,"1-5",0,"0","N",0,"0",0,"0","Reported all required service line types",0,0,0,12,12,"N","Data Not Available",NA,"N",2023-07-25,"N","Sanitary Survey, Complete","N","N","Recommendations made","Recommendations made","Record Not Available or Not Reported to EPA","No deficiencies or recommendations","Record Not Available or Not Reported to EPA","No deficiencies or recommendations","No deficiencies or recommendations","No deficiencies or recommendations","No deficiencies or recommendations","Minor deficiencies","Record Not Available or Not Reported to EPA","N/A - No DWSRF",0,"0",NA,NA,NA,NA,"Data Not Available","Data Not Available","Data Not Available","https://echo.epa.gov/detailed-facility-report?fid=110012964569"
"904","KENNY LAKE COMMUNITY WELL","AK2291596","110012964685","Region 10","Data not available","COPPER CENTER","Valdez-Cordova Census Area","Data not applicable","Data not applicable","261","State","Alaska","Community water system","Local government","N","N","Groundwater",236,"<=500",1,"2025Q4",0,"0",0,"0","No HBV Identified",0,"0","No HBV Identified",0,"0",0,"0",4,"1-5",0,"0","N",0,"0",0,"0","Reported all required service line types",0,0,0,1,1,"N","Data Not Available",NA,"N",2022-09-22,"N","Sanitary Survey, Complete","Y","Y","Significant deficiencies","Significant deficiencies","Record Not Available or Not Reported to EPA","No deficiencies or recommendations","Record Not Available or Not Reported to EPA","No deficiencies or recommendations","No deficiencies or recommendations","No deficiencies or recommendations","No deficiencies or recommendations","No deficiencies or recommendations","Record Not Available or Not Reported to EPA","N/A - No DWSRF",0,"0",NA,NA,NA,NA,"Data Not Available","Data Not Available","Data Not Available","https://echo.epa.gov/detailed-facility-report?fid=110012964685"
"907","CRBRHA MCKINLEY BLDG WATER SUPPLY","AK2292186","110012964872","Region 10","Data not available","COPPER CENTER","Valdez-Cordova Census Area","Data not applicable","Data not applicable","261","State","Alaska","Community water system","Private","N","N","Groundwater",30,"<=500",1,"2025Q4",0,"0",0,"0","No HBV Identified",0,"0","No HBV Identified",0,"0",0,"0",1,"1-5",0,"0","N",0,"0",0,"0","Reported all required service line types",0,0,0,1,1,"N","Data Not Available",NA,"N",2024-11-18,"N","Sanitary Survey, Complete","N","N","Recommendations made","Recommendations made","No deficiencies or recommendations","No deficiencies or recommendations","No deficiencies or recommendations","No deficiencies or recommendations","No deficiencies or recommendations","No deficiencies or recommendations","No deficiencies or recommendations","No deficiencies or recommendations","No deficiencies or recommendations","N/A - No DWSRF",0,"0",NA,NA,NA,NA,"Data Not Available","Data Not Available","Data Not Available","https://echo.epa.gov/detailed-facility-report?fid=110012964872"
"908","KENNY LAKE FIRE HALL","AK2292330","110013242044","Region 10","Data not available","COPPER CENTER","Valdez-Cordova Census Area","Data not applicable","Data not applicable","261","State","Alaska","Community water system","Private","N","N","Groundwater",200,"<=500",1,"2025Q4",0,"0",0,"0","No HBV Identified",0,"0","No HBV Identified",0,"0",0,"0",5,"1-5",0,"0","N",0,"0",0,"0","Reported all required service line types",0,0,0,1,1,"N","Data Not Available",NA,"N",2022-09-22,"N","Sanitary Survey, Complete","N","N","Recommendations made","No deficiencies or recommendations","Record Not Available or Not Reported to EPA","No deficiencies or recommendations","Record Not Available or Not Reported to EPA","No deficiencies or recommendations","No deficiencies or recommendations","No deficiencies or recommendations","No deficiencies or recommendations","No deficiencies or recommendations","Record Not Available or Not Reported to EPA","N/A - No DWSRF",0,"0",NA,NA,NA,NA,"Data Not Available","Data Not Available","Data Not Available","https://echo.epa.gov/detailed-facility-report?fid=110013242044"
"912","CRBRHA CHITINA HUD HOUSING","AK2299001","110012965014","Region 10","Data not available","COPPER CENTER","Valdez-Cordova Census Area","Data not applicable","Data not applicable","261","State","Alaska","Community water system","Public/Private","N","N","Groundwater",50,"<=500",4,"2025Q4",0,"0",0,"0","No HBV Identified",0,"0","No HBV Identified",0,"0",0,"0",0,"0",0,"0","N",0,"0",0,"0","Reported all required service line types",0,0,0,7,7,"N","Data Not Available",NA,"N",2024-11-18,"N","Sanitary Survey, Complete","N","N","Recommendations made","No deficiencies or recommendations","No deficiencies or recommendations","No deficiencies or recommendations","No deficiencies or recommendations","No deficiencies or recommendations","Recommendations made","No deficiencies or recommendations","No deficiencies or recommendations","No deficiencies or recommendations","No deficiencies or recommendations","N/A - No DWSRF",0,"0",NA,NA,NA,NA,"Data Not Available","Data Not Available","Data Not Available","https://echo.epa.gov/detailed-facility-report?fid=110012965014"
"913","CRNA WATER HAUL TRUCK","AK2299027","110050978607","Region 10","Data not available","COPPER CENTER","Valdez-Cordova Census Area","Data not applicable","Data not applicable","261","State","Alaska","Community water system","Tribal Government","N","N","Groundwater",40,"<=500",1,"2025Q4",0,"0",0,"0","No HBV Identified",0,"0","No HBV Identified",0,"0",0,"0",4,"1-5",0,"0","N",0,"0",0,"0","Did not report any required service line types",NA,NA,NA,NA,NA,"N","Data Not Available",NA,"N",2024-03-13,"N","Sanitary Survey, Complete","Y","N","No deficiencies or recommendations","No deficiencies or recommendations","Record Not Available or Not Reported to EPA","No deficiencies or recommendations","Record Not Available or Not Reported to EPA","No deficiencies or recommendations","No deficiencies or recommendations","No deficiencies or recommendations","Significant deficiencies","No deficiencies or recommendations","Record Not Available or Not Reported to EPA","N/A - No DWSRF",0,"0",NA,NA,NA,NA,"Data Not Available","Data Not Available","Data Not Available","https://echo.epa.gov/detailed-facility-report?fid=110050978607"
"6907","RIDGEWOOD HILLS ASSOCIATION SYSTEM 1","CT0361011","110012885690","Region 1","Data not available","DEEP RIVER","Middlesex","Data not applicable","Data not applicable","007","State","Connecticut","Community water system","Private","N","N","Groundwater",36,"<=500",6,"2025Q4",2,"1-10",1,"1-5","Lead and Copper Rule Revisions",1,"1-5","Lead and Copper Rule Revisions",0,"0",2,"1-5",3,"1-5",0,"0","Y",1,"1-3",0,"0","Reported all required service line types",0,0,0,4,4,"Y","Data Not Available",NA,"N",2024-10-15,"N","Sanitary Survey, Complete","N","N","Minor deficiencies","Minor deficiencies","Minor deficiencies","Not Applicable","Recommendations made","No deficiencies or recommendations","No deficiencies or recommendations","No deficiencies or recommendations","Not Applicable","Recommendations made","No deficiencies or recommendations","N/A - No DWSRF",0,"0",NA,NA,NA,NA,"Data Not Available","Data Not Available","Data Not Available","https://echo.epa.gov/detailed-facility-report?fid=110012885690"
"6910","YESHIVA OF WATERBURY-DURHAM CAMPUS","CT0380041","110011905910","Region 1","Data not available","DURHAM","Middlesex","Data not applicable","Data not applicable","007","State","Connecticut","Community water system","Private","Y","N","Groundwater",490,"<=500",19,"2025Q4",3,"1-10",1,"1-5","Lead and Copper Rule Revisions",2,"1-5","Lead and Copper Rule Revisions | Revised Total Coliform Rule",1,"1-5",8,"6-10",10,"6-10",0,"0","N",0,"0",0,"0","Reported all required service line types",0,0,0,19,19,"N","Data Not Available",NA,"N",2024-04-02,"N","Sanitary Survey, Complete","Y","N","Minor deficiencies","Minor deficiencies","No deficiencies or recommendations","No deficiencies or recommendations","Recommendations made","No deficiencies or recommendations","No deficiencies or recommendations","Significant deficiencies","Recommendations made","Minor deficiencies","No deficiencies or recommendations","No",1,"1-5",NA,NA,NA,NA,"Data Not Available","Data Not Available","Data Not Available","https://echo.epa.gov/detailed-facility-report?fid=110011905910"
"6924","31 GRIST MILL RD","CT0419221","110067319752","Region 1","Data not available","EAST HADDAM","Middlesex","Data not applicable","Data not applicable","007","State","Connecticut","Community water system","Private","N","N","Groundwater",30,"<=500",14,"2025Q4",2,"1-10",1,"1-5","Lead and Copper Rule Revisions",1,"1-5","Lead and Copper Rule Revisions",0,"0",2,"1-5",5,"1-5",0,"0","N",0,"0",0,"0","Reported all required service line types",0,0,0,14,14,"Y","Data Not Available",NA,"N",2024-03-19,"N","Sanitary Survey, Complete","N","N","Minor deficiencies","No deficiencies or recommendations","Minor deficiencies","Not Applicable","Recommendations made","No deficiencies or recommendations","No deficiencies or recommendations","Not Applicable","Not Applicable","No deficiencies or recommendations","Not Applicable","N/A - No DWSRF",0,"0",NA,NA,NA,NA,"Data Not Available","Data Not Available","Data Not Available","https://echo.epa.gov/detailed-facility-report?fid=110067319752"
"6932","MARKHAM MEADOWS CAMPGROUND-WELL #2","CT0421041","110049753245","Region 1","Data not available","EAST HAMPTON","Middlesex","Data not applicable","Data not applicable","007","State","Connecticut","Community water system","Private","N","N","Groundwater",49,"<=500",50,"2025Q4",2,"1-10",0,"0","No HBV Identified",0,"0","No HBV Identified",0,"0",0,"0",2,"1-5",0,"0","N",0,"0",0,"0","Reported all required service line types",0,0,0,100,100,"N","Data Not Available",NA,"Y",2021-04-29,"Y","Sanitary Survey, Complete","N","N","No deficiencies or recommendations","No deficiencies or recommendations","No deficiencies or recommendations","Not Applicable","Recommendations made","No deficiencies or recommendations","No deficiencies or recommendations","No deficiencies or recommendations","Not Applicable","No deficiencies or recommendations","No deficiencies or recommendations","N/A - No DWSRF",0,"0",NA,NA,NA,NA,"Data Not Available","Data Not Available","Data Not Available","https://echo.epa.gov/detailed-facility-report?fid=110049753245"
"6942","WINDSORVILLE WATER ASSOCIATION","CT0470031","110050010162","Region 1","Data not available","EAST WINDSOR","Hartford","Data not applicable","Data not applicable","003","State","Connecticut","Community water system","Private","N","N","Groundwater",29,"<=500",13,"2025Q4",59,">30",0,"0","No HBV Identified",0,"0","No HBV Identified",1,"1-5",1,"1-5",2,"1-5",0,"0","N",0,"0",0,"0","Did not report any required service line types",NA,NA,NA,NA,NA,"N","Data Not Available",NA,"N",NA,"Y","Record Not Available or Not Reported to EPA","Record Not Available or Not Reported to EPA","Record Not Available or Not Reported to EPA","Record Not Available or Not Reported to EPA","Record Not Available or Not Reported to EPA","Record Not Available or Not Reported to EPA","Record Not Available or Not Reported to EPA","Record Not Available or Not Reported to EPA","Record Not Available or Not Reported to EPA","Record Not Available or Not Reported to EPA","Record Not Available or Not Reported to EPA","Record Not Available or Not Reported to EPA","Record Not Available or Not Reported to EPA","Record Not Available or Not Reported to EPA","N/A - No DWSRF",0,"0",NA,NA,NA,NA,"Data Not Available","Data Not Available","Data Not Available","https://echo.epa.gov/detailed-facility-report?fid=110050010162"
"7035","CTWC - UCONN HUNTING LODGE DIV.","CT0787101","110070785870","Region 1","Data not available","MANSFIELD","Tolland","Data not applicable","Data not applicable","013","State","Connecticut","Community water system","Private","N","N","Surface water",234,"<=500",68,"2025Q4",0,"0",0,"0","No HBV Identified",0,"0","No HBV Identified",0,"0",0,"0",0,"0",0,"0","N",0,"0",0,"0","Reported all required service line types",0,0,66,5,71,"N","Data Not Available",NA,"N",2024-05-31,"N","Sanitary Survey, Complete","N","N","Minor deficiencies","Minor deficiencies","No deficiencies or recommendations","Not Applicable","No deficiencies or recommendations","No deficiencies or recommendations","No deficiencies or recommendations","Not Applicable","Not Applicable","No deficiencies or recommendations","No deficiencies or recommendations","N/A - No DWSRF",0,"0",NA,NA,NA,NA,"Data Not Available","Data Not Available","Data Not Available","https://echo.epa.gov/detailed-facility-report?fid=110070785870"
"7055","27 MAPLE DRIVE","CT0859071","110050019877","Region 1","Data not available","MONROE","Fairfield","Data not applicable","Data not applicable","001","State","Connecticut","Community water system","Private","N","N","Groundwater",38,"<=500",16,"2025Q4",0,"0",0,"0","No HBV Identified",0,"0","No HBV Identified",0,"0",2,"1-5",4,"1-5",0,"0","N",0,"0",0,"0","Reported all required service line types",0,0,0,7,7,"Y","Data Not Available",NA,"N",2023-07-27,"N","Sanitary Survey, Complete","N","N","Minor deficiencies","Minor deficiencies","Minor deficiencies","Not Applicable","Recommendations made","No deficiencies or recommendations","No deficiencies or recommendations","Not Applicable","No deficiencies or recommendations","Minor deficiencies","Not Applicable","N/A - No DWSRF",0,"0",NA,NA,NA,NA,"Data Not Available","Data Not Available","Data Not Available","https://echo.epa.gov/detailed-facility-report?fid=110050019877"
"7111","AQUARION-LAUREL RIDGE","CT0960221","110070777267","Region 1","Data not available","NEW MILFORD","Litchfield","Data not applicable","Data not applicable","005","State","Connecticut","Community water system","Private","N","N","Groundwater",80,"<=500",28,"2025Q4",0,"0",0,"0","No HBV Identified",0,"0","No HBV Identified",0,"0",0,"0",0,"0",0,"0","N",0,"0",0,"0","Reported all required service line types",0,0,0,28,28,"N","Data Not Available",NA,"Y",2023-05-09,"N","Sanitary Survey, Complete","N","N","No deficiencies or recommendations","No deficiencies or recommendations","No deficiencies or recommendations","Not Applicable","Recommendations made","No deficiencies or recommendations","No deficiencies or recommendations","No deficiencies or recommendations","No deficiencies or recommendations","Minor deficiencies","No deficiencies or recommendations","N/A - No DWSRF",0,"0",NA,NA,NA,NA,"Data Not Available","Data Not Available","Data Not Available","https://echo.epa.gov/detailed-facility-report?fid=110070777267"
"7141","AQUARION-OXFORD TOWNE CENTER","CT1085061","110070777260","Region 1","Data not available","OXFORD","New Haven","Data not applicable","Data not applicable","009","State","Connecticut","Community water system","Private","N","N","Groundwater",449,"<=500",22,"2025Q4",0,"0",0,"0","No HBV Identified",0,"0","No HBV Identified",0,"0",1,"1-5",1,"1-5",0,"0","N",0,"0",0,"0","Reported all required service line types",0,0,0,24,24,"N","Data Not Available",NA,"N",2021-05-20,"Y","Sanitary Survey, Complete","N","N","No deficiencies or recommendations","No deficiencies or recommendations","No deficiencies or recommendations","Not Applicable","Recommendations made","No deficiencies or recommendations","No deficiencies or recommendations","Not Applicable","Not Applicable","No deficiencies or recommendations","Not Applicable","N/A - No DWSRF",0,"0",NA,NA,NA,NA,"Data Not Available","Data Not Available","Data Not Available","https://echo.epa.gov/detailed-facility-report?fid=110070777260"
"7159","SOLANO INN LLC","CT1130064","110049996894","Region 1","Data not available","PORTLAND","Middlesex","Data not applicable","Data not applicable","007","State","Connecticut","Community water system","Private","N","N","Groundwater",96,"<=500",13,"2025Q4",2,"1-10",1,"1-5","Lead and Copper Rule Revisions",1,"1-5","Lead and Copper Rule Revisions",0,"0",1,"1-5",1,"1-5",0,"0","N",0,"0",0,"0","Reported all required service line types",0,0,0,13,13,"N","Data Not Available",NA,"N",2022-10-25,"N","Sanitary Survey, Complete","N","N","Minor deficiencies","No deficiencies or recommendations","Minor deficiencies","Not Applicable","Recommendations made","No deficiencies or recommendations","No deficiencies or recommendations","Not Applicable","Recommendations made","Minor deficiencies","No deficiencies or recommendations","N/A - No DWSRF",0,"0",NA,NA,NA,NA,"Data Not Available","Data Not Available","Data Not Available","https://echo.epa.gov/detailed-facility-report?fid=110049996894"
"7171","APPLE REHAB","CT1190021","110071196970","Region 1","Data not available","ROCKY HILL","Hartford","Data not applicable","Data not applicable","003","State","Connecticut","Community water system","Private","N","N","Surface water",238,"<=500",1,"2025Q4",3,"1-10",1,"1-5","Lead and Copper Rule Revisions",1,"1-5","Lead and Copper Rule Revisions",0,"0",1,"1-5",3,"1-5",0,"0","N",0,"0",0,"0","Reported all required service line types",0,0,0,1,1,"N","Data Not Available",NA,"N",2024-12-13,"N","Sanitary Survey, Complete","N","N","No deficiencies or recommendations","No deficiencies or recommendations","No deficiencies or recommendations","Not Applicable","Recommendations made","No deficiencies or recommendations","No deficiencies or recommendations","No deficiencies or recommendations","Not Applicable","Recommendations made","No deficiencies or recommendations","N/A - No DWSRF",0,"0",NA,NA,NA,NA,"Data Not Available","Data Not Available","Data Not Available","https://echo.epa.gov/detailed-facility-report?fid=110071196970"
"11015","IA REGIONAL UTILITIES ASSOC (WAVERLY)","IA0990701","110053949554","Region 7","Data not available","WAVERLY","Black Hawk; Bremer; Butler; Grundy; Hardin; Jasper; Marshall; Story","Data not applicable","Data not applicable","013; 017; 023; 075; 083; 099; 127; 169","State","Iowa","Community water system","Private","N","N","Groundwater",37820,"10,001-100,000",15334,"2025Q4",0,"0",0,"0","No HBV Identified",0,"0","No HBV Identified",0,"0",0,"0",0,"0",0,"0","N",0,"0",0,"0","Reported all required service line types",0,0,6096,10428,16524,"N","Data Not Available",NA,"Y",2023-11-14,"N","Sanitary Survey, Complete","N","N","Recommendations made","Minor deficiencies","Not evaluated","No deficiencies or recommendations","Not evaluated","No deficiencies or recommendations","Recommendations made","Recommendations made","Recommendations made","Recommendations made","Not evaluated","N/A - No DWSRF",0,"0",NA,NA,NA,NA,"Data Not Available","Data Not Available","Data Not Available","https://echo.epa.gov/detailed-facility-report?fid=110053949554"
"11120","IOWA LAKES REGIONAL WATER","IA2100701","110013110908","Region 7","Data not available","SPENCER","Buena Vista; Clay","Data not applicable","Data not applicable","021; 041","State","Iowa","Community water system","Private","N","N","Groundwater",6755,"3,301-10,000",2541,"2025Q4",0,"0",0,"0","No HBV Identified",0,"0","No HBV Identified",0,"0",0,"0",0,"0",0,"0","N",0,"0",0,"0","Reported all required service line types",0,0,491,1793,2284,"N","Data Not Available",NA,"N",2025-06-30,"N","Sanitary Survey, Complete","N","N","No deficiencies or recommendations","Minor deficiencies","Not evaluated","No deficiencies or recommendations","Not evaluated","No deficiencies or recommendations","No deficiencies or recommendations","No deficiencies or recommendations","No deficiencies or recommendations","Recommendations made","Not evaluated","No",2,"1-5",NA,NA,NA,NA,"Data Not Available","Data Not Available","Data Not Available","https://echo.epa.gov/detailed-facility-report?fid=110013110908"
"11786","SIRWA #2 (CRESTON)","IA8080701","110013090305","Region 7","Data not available","CRESTON","Adair; Adams; Clarke; Decatur; Madison; Ringgold; Taylor; Union","Data not applicable","Data not applicable","001; 003; 039; 053; 121; 159; 173; 175","State","Iowa","Community water system","Private","N","N","Surface water",20793,"10,001-100,000",8317,"2025Q4",0,"0",0,"0","No HBV Identified",0,"0","No HBV Identified",0,"0",0,"0",0,"0",0,"0","N",0,"0",0,"0","Reported all required service line types",0,0,4378,1215,5593,"N","Data Not Available",NA,"N",2025-06-11,"N","Sanitary Survey, Complete","N","N","Recommendations made","Recommendations made","Not evaluated","No deficiencies or recommendations","Not evaluated","No deficiencies or recommendations","Recommendations made","No deficiencies or recommendations","No deficiencies or recommendations","Recommendations made","Not evaluated","N/A - No DWSRF",0,"0",NA,NA,NA,NA,"Data Not Available","Data Not Available","Data Not Available","https://echo.epa.gov/detailed-facility-report?fid=110013090305"
"11907","WAPELLO RURAL WATER ASSOC.","IA9000742","110013087925","Region 7","Data not available","OTTUMWA","Jefferson; Keokuk; Wapello; Washington","Data not applicable","Data not applicable","101; 107; 179; 183","State","Iowa","Community water system","Private","N","N","Surface water",17263,"10,001-100,000",7560,"2025Q4",0,"0",0,"0","No HBV Identified",0,"0","No HBV Identified",0,"0",0,"0",0,"0",0,"0","N",0,"0",0,"0","Reported all required service line types",0,0,3528,4032,7560,"N","Data Not Available",NA,"Y",2025-07-01,"N","Sanitary Survey, Complete","N","N","No deficiencies or recommendations","Recommendations made","Not evaluated","Recommendations made","Not evaluated","No deficiencies or recommendations","Recommendations made","Minor deficiencies","Recommendations made","Recommendations made","Not evaluated","N/A - No DWSRF",0,"0",NA,NA,NA,NA,"Data Not Available","Data Not Available","Data Not Available","https://echo.epa.gov/detailed-facility-report?fid=110013087925"
"11951","XENIA RWD (NORTH)","IA9425701","110020593491","Region 7","Data not available","STRATFORD","Boone; Greene; Hamilton; Webster","Data not applicable","Data not applicable","015; 073; 079; 187","State","Iowa","Community water system","Private","N","N","Groundwater",6122,"3,301-10,000",2449,"2025Q4",0,"0",0,"0","No HBV Identified",0,"0","No HBV Identified",0,"0",0,"0",0,"0",0,"0","N",0,"0",0,"0","Reported all required service line types",18,2,0,1267,1287,"N","Data Not Available",NA,"N",2024-03-22,"N","Sanitary Survey, Complete","N","N","Recommendations made","Minor deficiencies","Not evaluated","No deficiencies or recommendations","Not evaluated","No deficiencies or recommendations","Recommendations made","Recommendations made","Recommendations made","Recommendations made","Not evaluated","N/A - No DWSRF",0,"0",NA,NA,NA,NA,"Data Not Available","Data Not Available","Data Not Available","https://echo.epa.gov/detailed-facility-report?fid=110020593491"
"21452","NODAWAY CO EAST PWSD 1","MO1070639","110013064147","Region 7","Data not available","STANBERRY; GRANT CITY","Gentry; Worth","Data not applicable","Data not applicable","075; 227","State","Missouri","Community water system","Private","N","Y","Surface water",25,"<=500",2,"2025Q4",0,"0",0,"0","No HBV Identified",0,"0","No HBV Identified",0,"0",0,"0",0,"0",0,"0","N",0,"0",0,"0","Reported all required service line types",0,0,0,0,0,"N","Data Not Available",NA,"N",2025-03-26,"N","Sanitary Survey, Complete","N","N","No deficiencies or recommendations","No deficiencies or recommendations","No deficiencies or recommendations","Recommendations made","Not Applicable","No deficiencies or recommendations","No deficiencies or recommendations","No deficiencies or recommendations","Recommendations made","No deficiencies or recommendations","No deficiencies or recommendations","N/A - No DWSRF",0,"0",NA,NA,NA,NA,"Data Not Available","Data Not Available","Data Not Available","https://echo.epa.gov/detailed-facility-report?fid=110013064147"
"21453","TRI COUNTY WATER AUTHORITY","MO1071079","110000554436","Region 7","Data not available","Data not available","Bates; Cass; Jackson","Data not applicable","Data not applicable","013; 037; 095","State","Missouri","Community water system","Local government","N","Y","Groundwater",25,"<=500",31,"2025Q4",0,"0",0,"0","No HBV Identified",0,"0","No HBV Identified",0,"0",0,"0",0,"0",0,"0","N",0,"0",0,"0","Reported all required service line types",0,0,0,0,0,"N","Data Not Available",NA,"N",2025-04-10,"N","Sanitary Survey, Complete","Y","N","No deficiencies or recommendations","Significant deficiencies","No deficiencies or recommendations","No deficiencies or recommendations","No deficiencies or recommendations","No deficiencies or recommendations","No deficiencies or recommendations","No deficiencies or recommendations","No deficiencies or recommendations","No deficiencies or recommendations","No deficiencies or recommendations","No",2,"1-5",NA,NA,NA,NA,"Data Not Available","Data Not Available","Data Not Available","https://echo.epa.gov/detailed-facility-report?fid=110000554436"
"22259","SUNSHINE ESTATES","MO5031606","110048009043","Region 7","Data not available","BUFFALO","Dallas; Polk","Data not applicable","Data not applicable","059; 167","State","Missouri","Community water system","Private","N","N","Groundwater",48,"<=500",28,"2025Q4",0,"0",0,"0","No HBV Identified",0,"0","No HBV Identified",0,"0",1,"1-5",1,"1-5",0,"0","N",0,"0",0,"0","Reported all required service line types",0,0,0,72,72,"N","Data Not Available",NA,"N",2023-02-21,"N","Sanitary Survey, Complete","N","N","No deficiencies or recommendations","Recommendations made","Recommendations made","No deficiencies or recommendations","Not Applicable","No deficiencies or recommendations","No deficiencies or recommendations","No deficiencies or recommendations","Recommendations made","Recommendations made","No deficiencies or recommendations","N/A - No DWSRF",0,"0",NA,NA,NA,NA,"Data Not Available","Data Not Available","Data Not Available","https://echo.epa.gov/detailed-facility-report?fid=110048009043"
"22637","Saipan Ice And Water","MP0000004","110013024556","Region 9","Data not available","LOWER BASE","Data not available","Data not applicable","Data not applicable","020","Territory","Northern Mariana Islands","Community water system","Private","N","Y","Groundwater",3101,"501-3,300",1,"2025Q4",0,"0",0,"0","No HBV Identified",0,"0","No HBV Identified",0,"0",0,"0",1,"1-5",0,"0","N",0,"0",0,"0","Reported all required service line types",0,0,0,1,1,"N","N",NA,"N",2024-06-25,"N","Sanitary Survey, Complete","Y","N","No deficiencies or recommendations","No deficiencies or recommendations","No deficiencies or recommendations","No deficiencies or recommendations","Not Applicable","No deficiencies or recommendations","No deficiencies or recommendations","No deficiencies or recommendations","Significant deficiencies","No deficiencies or recommendations","Not evaluated","N/A - No DWSRF",0,"0",NA,NA,NA,NA,"Data Not Available","Data Not Available","Data Not Available","https://echo.epa.gov/detailed-facility-report?fid=110013024556"
"22640","JG Sablan Ice And Water","MP0000027","110013025092","Region 9","Data not available","GARAPAN","Data not available","Data not applicable","Data not applicable","020","Territory","Northern Mariana Islands","Community water system","Private","N","Y","Groundwater",173,"<=500",1,"2025Q4",2,"1-10",0,"0","No HBV Identified",0,"0","No HBV Identified",0,"0",0,"0",1,"1-5",0,"0","N",0,"0",0,"0","Reported all required service line types",0,0,0,1,1,"N","N",NA,"N",2024-02-28,"N","Sanitary Survey, Complete","Y","N","No deficiencies or recommendations","Significant deficiencies","Significant deficiencies","No deficiencies or recommendations","Not Applicable","No deficiencies or recommendations","No deficiencies or recommendations","No deficiencies or recommendations","Significant deficiencies","No deficiencies or recommendations","Not evaluated","N/A - No DWSRF",0,"0",NA,NA,NA,NA,"Data Not Available","Data Not Available","Data Not Available","https://echo.epa.gov/detailed-facility-report?fid=110013025092"
"22641","MSV Villagomez Estate","MP0000029","110013025127","Region 9","Data not available","FINA SISU","Data not available","Data not applicable","Data not applicable","020","Territory","Northern Mariana Islands","Community water system","Private","N","N","Groundwater",66,"<=500",1,"2025Q4",0,"0",0,"0","No HBV Identified",0,"0","No HBV Identified",0,"0",0,"0",2,"1-5",0,"0","N",0,"0",0,"0","Reported all required service line types",0,0,0,19,19,"N","N",NA,"N",2023-01-25,"N","Sanitary Survey, Complete","N","N","Minor deficiencies","No deficiencies or recommendations","No deficiencies or recommendations","No deficiencies or recommendations","Not Applicable","No deficiencies or recommendations","No deficiencies or recommendations","No deficiencies or recommendations","No deficiencies or recommendations","No deficiencies or recommendations","Not evaluated","N/A - No DWSRF",0,"0",NA,NA,NA,NA,"Data Not Available","Data Not Available","Data Not Available","https://echo.epa.gov/detailed-facility-report?fid=110013025127"
"22644","Pacific Palms","MP0000040","110046964736","Region 9","Data not available","CHALAN KIYA","Data not available","Data not applicable","Data not applicable","020","Territory","Northern Mariana Islands","Community water system","Private","N","N","Groundwater",56,"<=500",1,"2025Q4",0,"0",0,"0","No HBV Identified",2,"1-5","Ground Water Rule",0,"0",0,"0",3,"1-5",0,"0","N",0,"0",0,"0","Reported all required service line types",0,0,0,2,2,"N","N",NA,"N",2024-07-18,"N","Sanitary Survey, Complete","N","N","No deficiencies or recommendations","No deficiencies or recommendations","No deficiencies or recommendations","No deficiencies or recommendations","Not Applicable","No deficiencies or recommendations","No deficiencies or recommendations","No deficiencies or recommendations","No deficiencies or recommendations","No deficiencies or recommendations","Not evaluated","N/A - No DWSRF",0,"0",NA,NA,NA,NA,"Data Not Available","Data Not Available","Data Not Available","https://echo.epa.gov/detailed-facility-report?fid=110046964736"
"22646","Modern Stationary","MP0000053","110013025537","Region 9","Data not available","SAN JOSE","Data not available","Data not applicable","Data not applicable","020","Territory","Northern Mariana Islands","Community water system","Private","N","N","Groundwater",60,"<=500",3,"2025Q4",0,"0",0,"0","No HBV Identified",1,"1-5","Ground Water Rule",0,"0",0,"0",2,"1-5",0,"0","N",0,"0",0,"0","Reported all required service line types",0,0,0,3,3,"N","N",NA,"N",2024-03-14,"N","Sanitary Survey, Complete","Y","N","No deficiencies or recommendations","Minor deficiencies","No deficiencies or recommendations","No deficiencies or recommendations","Not Applicable","No deficiencies or recommendations","No deficiencies or recommendations","No deficiencies or recommendations","Significant deficiencies","No deficiencies or recommendations","Not evaluated","N/A - No DWSRF",0,"0",NA,NA,NA,NA,"Data Not Available","Data Not Available","Data Not Available","https://echo.epa.gov/detailed-facility-report?fid=110013025537"
"22647","The Water Company","MP0000063","110013025742","Region 9","Data not available","LOWER BASE","Data not available","Data not applicable","Data not applicable","020","Territory","Northern Mariana Islands","Community water system","Private","N","Y","Groundwater",310,"<=500",1,"2025Q4",0,"0",0,"0","No HBV Identified",1,"1-5","Ground Water Rule",0,"0",0,"0",3,"1-5",0,"0","N",0,"0",0,"0","Reported all required service line types",0,0,0,1,1,"N","N",NA,"N",2025-02-27,"N","Sanitary Survey, Complete","N","N","No deficiencies or recommendations","No deficiencies or recommendations","No deficiencies or recommendations","No deficiencies or recommendations","Not Applicable","No deficiencies or recommendations","No deficiencies or recommendations","No deficiencies or recommendations","No deficiencies or recommendations","No deficiencies or recommendations","Not evaluated","N/A - No DWSRF",0,"0",NA,NA,NA,NA,"Data Not Available","Data Not Available","Data Not Available","https://echo.epa.gov/detailed-facility-report?fid=110013025742"
"22648","Diamond Ice And Water","MP0000064","110012955301","Region 9","Data not available","CAPITAL HILL","Data not available","Data not applicable","Data not applicable","020","Territory","Northern Mariana Islands","Community water system","Private","N","Y","Groundwater",155,"<=500",1,"2025Q4",0,"0",0,"0","No HBV Identified",0,"0","No HBV Identified",0,"0",0,"0",1,"1-5",0,"0","N",0,"0",0,"0","Reported all required service line types",0,0,0,1,1,"N","N",NA,"N",2024-05-09,"N","Sanitary Survey, Complete","N","N","No deficiencies or recommendations","No deficiencies or recommendations","No deficiencies or recommendations","No deficiencies or recommendations","Not Applicable","No deficiencies or recommendations","No deficiencies or recommendations","No deficiencies or recommendations","No deficiencies or recommendations","No deficiencies or recommendations","Not evaluated","N/A - No DWSRF",0,"0",NA,NA,NA,NA,"Data Not Available","Data Not Available","Data Not Available","https://echo.epa.gov/detailed-facility-report?fid=110012955301"
"22649","Tinian Ice And Water","MP0000068","110012955338","Region 9","Data not available","SAN JOSE","Data not available","Data not applicable","Data not applicable","030","Territory","Northern Mariana Islands","Community water system","Private","N","Y","Groundwater",300,"<=500",1,"2025Q4",0,"0",0,"0","No HBV Identified",0,"0","No HBV Identified",0,"0",0,"0",3,"1-5",0,"0","N",0,"0",0,"0","Reported all required service line types",0,0,0,0,0,"N","N",NA,"N",2025-08-29,"N","Sanitary Survey, Complete","Y","N","No deficiencies or recommendations","No deficiencies or recommendations","No deficiencies or recommendations","No deficiencies or recommendations","Not Applicable","Significant deficiencies","No deficiencies or recommendations","No deficiencies or recommendations","Significant deficiencies","Significant deficiencies","Not evaluated","N/A - No DWSRF",0,"0",NA,NA,NA,NA,"Data Not Available","Data Not Available","Data Not Available","https://echo.epa.gov/detailed-facility-report?fid=110012955338"
"22651","Kensington Dormitory","MP0000083","110010677204","Region 9","Data not available","SAN ROQUE","Data not available","Data not applicable","Data not applicable","020","Territory","Northern Mariana Islands","Community water system","Private","N","N","Groundwater",260,"<=500",1,"2025Q4",0,"0",0,"0","No HBV Identified",0,"0","No HBV Identified",0,"0",0,"0",0,"0",0,"0","N",0,"0",0,"0","Reported all required service line types",0,0,0,1,1,"N","N",NA,"N",2024-07-11,"N","Sanitary Survey, Complete","Y","Y","Significant deficiencies","Significant deficiencies","No deficiencies or recommendations","No deficiencies or recommendations","Not Applicable","No deficiencies or recommendations","No deficiencies or recommendations","No deficiencies or recommendations","No deficiencies or recommendations","No deficiencies or recommendations","Not evaluated","N/A - No DWSRF",0,"0",NA,NA,NA,NA,"Data Not Available","Data Not Available","Data Not Available","https://echo.epa.gov/detailed-facility-report?fid=110010677204"
"22653","CK Townhouse","MP0000094","110013022344","Region 9","Data not available","CHALAN KIYA","Data not available","Data not applicable","Data not applicable","020","Territory","Northern Mariana Islands","Community water system","Private","N","N","Groundwater",46,"<=500",1,"2025Q4",0,"0",0,"0","No HBV Identified",0,"0","No HBV Identified",0,"0",0,"0",1,"1-5",0,"0","N",0,"0",0,"0","Reported all required service line types",0,0,0,1,1,"N","N",NA,"N",2025-03-27,"N","Sanitary Survey, Complete","N","N","No deficiencies or recommendations","No deficiencies or recommendations","No deficiencies or recommendations","No deficiencies or recommendations","Not Applicable","No deficiencies or recommendations","No deficiencies or recommendations","No deficiencies or recommendations","No deficiencies or recommendations","No deficiencies or recommendations","Not evaluated","N/A - No DWSRF",0,"0",NA,NA,NA,NA,"Data Not Available","Data Not Available","Data Not Available","https://echo.epa.gov/detailed-facility-report?fid=110013022344"
"22656","Star Water","MP0000160","110016615536","Region 9","Data not available","CHALAN LAU LAU","Data not available","Data not applicable","Data not applicable","020","Territory","Northern Mariana Islands","Community water system","Private","N","N","Groundwater",1522,"501-3,300",1,"2025Q4",0,"0",0,"0","No HBV Identified",0,"0","No HBV Identified",0,"0",0,"0",2,"1-5",0,"0","N",0,"0",0,"0","Reported all required service line types",0,0,0,4,4,"N","N",NA,"N",2024-05-16,"N","Sanitary Survey, Complete","N","N","No deficiencies or recommendations","No deficiencies or recommendations","No deficiencies or recommendations","No deficiencies or recommendations","Not Applicable","No deficiencies or recommendations","No deficiencies or recommendations","No deficiencies or recommendations","No deficiencies or recommendations","No deficiencies or recommendations","Not evaluated","N/A - No DWSRF",0,"0",NA,NA,NA,NA,"Data Not Available","Data Not Available","Data Not Available","https://echo.epa.gov/detailed-facility-report?fid=110016615536"
"22657","Marianas Ice And Water","MP0000163","110022499385","Region 9","Data not available","PAPAGO","Data not available","Data not applicable","Data not applicable","020","Territory","Northern Mariana Islands","Community water system","Private","N","Y","Groundwater",300,"<=500",1,"2025Q4",3,"1-10",0,"0","No HBV Identified",0,"0","No HBV Identified",0,"0",0,"0",2,"1-5",0,"0","N",0,"0",0,"0","Reported all required service line types",0,0,0,4,4,"N","N",NA,"N",2023-03-08,"N","Sanitary Survey, Complete","Y","N","No deficiencies or recommendations","No deficiencies or recommendations","No deficiencies or recommendations","No deficiencies or recommendations","Not Applicable","No deficiencies or recommendations","Minor deficiencies","No deficiencies or recommendations","No deficiencies or recommendations","Significant deficiencies","Not evaluated","N/A - No DWSRF",0,"0",NA,NA,NA,NA,"Data Not Available","Data Not Available","Data Not Available","https://echo.epa.gov/detailed-facility-report?fid=110022499385"
"22658","Rota Crystal","MP0000165","110022499394","Region 9","Data not available","SINAPALU","Data not available","Data not applicable","Data not applicable","Data not available","Territory","Northern Mariana Islands","Community water system","Private","N","N","Groundwater",226,"<=500",1,"2025Q4",0,"0",0,"0","No HBV Identified",0,"0","No HBV Identified",0,"0",0,"0",1,"1-5",0,"0","N",0,"0",0,"0","Reported all required service line types",0,0,0,4,4,"N","N",NA,"N",2025-06-20,"N","Sanitary Survey, Complete","N","N","No deficiencies or recommendations","No deficiencies or recommendations","No deficiencies or recommendations","No deficiencies or recommendations","Not Applicable","No deficiencies or recommendations","No deficiencies or recommendations","No deficiencies or recommendations","No deficiencies or recommendations","No deficiencies or recommendations","Not evaluated","N/A - No DWSRF",0,"0",NA,NA,NA,NA,"Data Not Available","Data Not Available","Data Not Available","https://echo.epa.gov/detailed-facility-report?fid=110022499394"
"22659","3K Ice And Water Company","MP0000176","110046977385","Region 9","Data not available","SAN JOSE VILLAGE","Data not available","Data not applicable","Data not applicable","030","Territory","Northern Mariana Islands","Community water system","Private","N","Y","Groundwater",208,"<=500",1,"2025Q4",0,"0",0,"0","No HBV Identified",0,"0","No HBV Identified",0,"0",0,"0",0,"0",0,"0","N",0,"0",0,"0","Reported all required service line types",0,0,0,3,3,"N","N",NA,"N",2025-08-29,"N","Sanitary Survey, Complete","N","N","No deficiencies or recommendations","No deficiencies or recommendations","No deficiencies or recommendations","No deficiencies or recommendations","Not Applicable","No deficiencies or recommendations","No deficiencies or recommendations","No deficiencies or recommendations","No deficiencies or recommendations","No deficiencies or recommendations","Not evaluated","N/A - No DWSRF",0,"0",NA,NA,NA,NA,"Data Not Available","Data Not Available","Data Not Available","https://echo.epa.gov/detailed-facility-report?fid=110046977385"
"22660","Aqua Water","MP0000177","110046977704","Region 9","Data not available","SAN ANTONIO","Data not available","Data not applicable","Data not applicable","020","Territory","Northern Mariana Islands","Community water system","Private","N","Y","Groundwater",170,"<=500",1,"2025Q4",0,"0",0,"0","No HBV Identified",1,"1-5","Ground Water Rule",0,"0",0,"0",1,"1-5",0,"0","N",0,"0",0,"0","Reported all required service line types",0,0,0,4,4,"N","N",NA,"N",2025-02-20,"N","Sanitary Survey, Complete","Y","N","No deficiencies or recommendations","Significant deficiencies","No deficiencies or recommendations","No deficiencies or recommendations","Not Applicable","No deficiencies or recommendations","No deficiencies or recommendations","No deficiencies or recommendations","No deficiencies or recommendations","Significant deficiencies","Not evaluated","N/A - No DWSRF",0,"0",NA,NA,NA,NA,"Data Not Available","Data Not Available","Data Not Available","https://echo.epa.gov/detailed-facility-report?fid=110046977704"
"22661","San Jose Mart Water","MP0000213","110063343387","Region 9","Data not available","SAN JOSE","Data not available","Data not applicable","Data not applicable","020","Territory","Northern Mariana Islands","Community water system","Private","N","Y","Groundwater",130,"<=500",1,"2025Q4",0,"0",0,"0","No HBV Identified",0,"0","No HBV Identified",0,"0",0,"0",1,"1-5",0,"0","N",0,"0",0,"0","Reported all required service line types",0,0,0,4,4,"N","N",NA,"N",2024-01-24,"N","Sanitary Survey, Complete","Y","N","No deficiencies or recommendations","No deficiencies or recommendations","No deficiencies or recommendations","No deficiencies or recommendations","Not Applicable","No deficiencies or recommendations","No deficiencies or recommendations","Significant deficiencies","No deficiencies or recommendations","No deficiencies or recommendations","Not evaluated","N/A - No DWSRF",0,"0",NA,NA,NA,NA,"Data Not Available","Data Not Available","Data Not Available","https://echo.epa.gov/detailed-facility-report?fid=110063343387"
"22662","99 Cents Supermart Water","MP0000215","110063343378","Region 9","Data not available","GARAPAN","Data not available","Data not applicable","Data not applicable","020","Territory","Northern Mariana Islands","Community water system","Private","N","Y","Groundwater",55,"<=500",1,"2025Q4",0,"0",0,"0","No HBV Identified",0,"0","No HBV Identified",0,"0",0,"0",1,"1-5",0,"0","N",0,"0",0,"0","Reported all required service line types",0,0,0,4,4,"N","N",NA,"N",2024-02-12,"N","Sanitary Survey, Complete","Y","N","No deficiencies or recommendations","No deficiencies or recommendations","No deficiencies or recommendations","No deficiencies or recommendations","Not Applicable","No deficiencies or recommendations","No deficiencies or recommendations","No deficiencies or recommendations","Significant deficiencies","No deficiencies or recommendations","Not evaluated","N/A - No DWSRF",0,"0",NA,NA,NA,NA,"Data Not Available","Data Not Available","Data Not Available","https://echo.epa.gov/detailed-facility-report?fid=110063343378"
"22663","Xu Sunshine Corp","MP0000218","110067297213","Region 9","Data not available","KOBLERVILLE","Data not available","Data not applicable","Data not applicable","020","Territory","Northern Mariana Islands","Community water system","Private","N","Y","Groundwater",79,"<=500",1,"2025Q4",2,"1-10",0,"0","No HBV Identified",0,"0","No HBV Identified",0,"0",0,"0",6,"6-10",0,"0","N",0,"0",0,"0","Did not report any required service line types",NA,NA,NA,NA,NA,"Y","N",NA,"N",2024-02-21,"N","Sanitary Survey, Complete","N","N","No deficiencies or recommendations","No deficiencies or recommendations","No deficiencies or recommendations","No deficiencies or recommendations","Not Applicable","No deficiencies or recommendations","No deficiencies or recommendations","No deficiencies or recommendations","No deficiencies or recommendations","No deficiencies or recommendations","Not evaluated","N/A - No DWSRF",0,"0",NA,NA,NA,NA,"Data Not Available","Data Not Available","Data Not Available","https://echo.epa.gov/detailed-facility-report?fid=110067297213"
"22664","Diamond Water Gualo Rai","MP0000221","110069300296","Region 9","Data not available","GUALO RAI","Data not available","Data not applicable","Data not applicable","020","Territory","Northern Mariana Islands","Community water system","Private","N","Y","Groundwater",55,"<=500",1,"2025Q4",0,"0",0,"0","No HBV Identified",2,"1-5","Ground Water Rule",0,"0",0,"0",3,"1-5",0,"0","N",0,"0",0,"0","Reported all required service line types",0,0,0,1,1,"N","N",NA,"N",2024-05-09,"N","Sanitary Survey, Complete","Y","N","No deficiencies or recommendations","Significant deficiencies","No deficiencies or recommendations","No deficiencies or recommendations","Not Applicable","No deficiencies or recommendations","No deficiencies or recommendations","No deficiencies or recommendations","Significant deficiencies","No deficiencies or recommendations","Not evaluated","N/A - No DWSRF",0,"0",NA,NA,NA,NA,"Data Not Available","Data Not Available","Data Not Available","https://echo.epa.gov/detailed-facility-report?fid=110069300296"
"22665","Afetna Supermarket","MP0000229","110071087252","Region 9","Data not available","AFETNA","Data not available","Data not applicable","Data not applicable","020","Territory","Northern Mariana Islands","Community water system","Private","N","Y","Groundwater",40,"<=500",1,"2025Q4",0,"0",0,"0","No HBV Identified",1,"1-5","Ground Water Rule",0,"0",0,"0",2,"1-5",0,"0","N",0,"0",0,"0","Reported all required service line types",0,0,0,4,4,"N","N",NA,"N",2024-02-13,"N","Sanitary Survey, Complete","Y","N","No deficiencies or recommendations","No deficiencies or recommendations","No deficiencies or recommendations","No deficiencies or recommendations","Not Applicable","No deficiencies or recommendations","No deficiencies or recommendations","Significant deficiencies","No deficiencies or recommendations","No deficiencies or recommendations","Not evaluated","N/A - No DWSRF",0,"0",NA,NA,NA,NA,"Data Not Available","Data Not Available","Data Not Available","https://echo.epa.gov/detailed-facility-report?fid=110071087252"
"22666","Popz Purified Drinking Water","MP0000230","110071700091","Region 9","Data not available","SAIPAN","Data not available","Data not applicable","Data not applicable","Data not available","Territory","Northern Mariana Islands","Community water system","Private","N","N","Groundwater",100,"<=500",1,"2025Q4",3,"1-10",0,"0","No HBV Identified",0,"0","No HBV Identified",3,"1-5",3,"1-5",5,"1-5",0,"0","N",0,"0",0,"0","Reported all required service line types",0,0,0,4,4,"N","N",NA,"N",2023-08-31,"N","Sanitary Survey, Complete","N","N","No deficiencies or recommendations","No deficiencies or recommendations","No deficiencies or recommendations","No deficiencies or recommendations","Not Applicable","No deficiencies or recommendations","No deficiencies or recommendations","No deficiencies or recommendations","No deficiencies or recommendations","No deficiencies or recommendations","Not evaluated","N/A - No DWSRF",0,"0",NA,NA,NA,NA,"Data Not Available","Data Not Available","Data Not Available","https://echo.epa.gov/detailed-facility-report?fid=110071700091"
"22667","Tropical Drinking Water","MP0000242","110071196280","Region 9","Data not available","AFETNAS","Data not available","Data not applicable","Data not applicable","Data not available","Territory","Northern Mariana Islands","Community water system","Private","N","Y","Groundwater",47,"<=500",1,"2025Q4",9,"1-10",0,"0","No HBV Identified",1,"1-5","Revised Total Coliform Rule",1,"1-5",6,"6-10",11,"11-15",0,"0","N",0,"0",0,"0","Reported all required service line types",0,0,0,6,6,"N","N",NA,"N",2025-01-09,"N","Sanitary Survey, Complete","Y","N","No deficiencies or recommendations","Significant deficiencies","No deficiencies or recommendations","No deficiencies or recommendations","Not Applicable","No deficiencies or recommendations","No deficiencies or recommendations","Significant deficiencies","Significant deficiencies","No deficiencies or recommendations","Not evaluated","N/A - No DWSRF",0,"0",NA,NA,NA,NA,"Data Not Available","Data Not Available","Data Not Available","https://echo.epa.gov/detailed-facility-report?fid=110071196280"
"22668","Crystal Ice And Water","MP0000244","110071196886","Region 9","Data not available","SAIPAN","Data not available","Data not applicable","Data not applicable","Data not available","Territory","Northern Mariana Islands","Community water system","Private","N","N","Groundwater",30,"<=500",1,"2025Q4",0,"0",0,"0","No HBV Identified",1,"1-5","Ground Water Rule",0,"0",3,"1-5",5,"1-5",0,"0","N",0,"0",0,"0","Reported all required service line types",0,0,0,3,3,"N","N",NA,"N",2025-02-06,"N","Sanitary Survey, Complete","N","N","No deficiencies or recommendations","No deficiencies or recommendations","No deficiencies or recommendations","No deficiencies or recommendations","Not Applicable","No deficiencies or recommendations","No deficiencies or recommendations","No deficiencies or recommendations","No deficiencies or recommendations","No deficiencies or recommendations","Not evaluated","N/A - No DWSRF",0,"0",NA,NA,NA,NA,"Data Not Available","Data Not Available","Data Not Available","https://echo.epa.gov/detailed-facility-report?fid=110071196886"
"24355","SPANISH PEAKS MOUNTAIN CLUB","MT0004588","110047795098","Region 8","Data not available","BIG SKY","Gallatin; Madison","Data not applicable","Data not applicable","031; 057","State","Montana","Community water system","Private","N","N","Groundwater",40,"<=500",232,"2025Q4",0,"0",0,"0","No HBV Identified",0,"0","No HBV Identified",0,"0",0,"0",0,"0",0,"0","N",0,"0",0,"0","Reported all required service line types",0,0,0,224,224,"N","Data Not Available",NA,"N",2025-09-03,"N","Sanitary Survey, Complete","N","N","No deficiencies or recommendations","No deficiencies or recommendations","No deficiencies or recommendations","No deficiencies or recommendations","Not Applicable","No deficiencies or recommendations","No deficiencies or recommendations","Recommendations made","No deficiencies or recommendations","No deficiencies or recommendations","No deficiencies or recommendations","N/A - No DWSRF",0,"0",NA,NA,NA,NA,"Data Not Available","Data Not Available","Data Not Available","https://echo.epa.gov/detailed-facility-report?fid=110047795098"
"27310","LOWER REPUBLICAN RWD 1","NE3121196","110048594678","Region 7","Data not available","Data not available","Franklin; Nuckolls; Webster","Data not applicable","Data not applicable","061; 129; 181","State","Nebraska","Community water system","State or Territorial Government","N","N","Groundwater",200,"<=500",186,"2025Q4",0,"0",0,"0","No HBV Identified",0,"0","No HBV Identified",0,"0",0,"0",0,"0",0,"0","N",0,"0",0,"0","Reported all required service line types",7,0,11,68,86,"N","Data Not Available",NA,"N",2023-07-13,"N","Sanitary Survey, Complete","N","Y","Significant deficiencies","No deficiencies or recommendations","No deficiencies or recommendations","No deficiencies or recommendations","Not Applicable","No deficiencies or recommendations","No deficiencies or recommendations","Not Applicable","No deficiencies or recommendations","No deficiencies or recommendations","No deficiencies or recommendations","N/A - No DWSRF",0,"0",NA,NA,NA,NA,"Data Not Available","Data Not Available","Data Not Available","https://echo.epa.gov/detailed-facility-report?fid=110048594678"
"27316","WAU COL RWS - EAST SIDE","NE3121337","110048181105","Region 7","Data not available","Data not available","Cedar; Knox; Pierce","Data not applicable","Data not applicable","027; 107; 139","State","Nebraska","Community water system","Local government","N","N","Groundwater",260,"<=500",1,"2025Q4",0,"0",0,"0","No HBV Identified",0,"0","No HBV Identified",0,"0",0,"0",0,"0",0,"0","N",0,"0",0,"0","Did not report any required service line types",NA,NA,NA,NA,NA,"N","Data Not Available",NA,"N",2025-01-23,"N","Sanitary Survey, Complete","N","N","No deficiencies or recommendations","No deficiencies or recommendations","No deficiencies or recommendations","No deficiencies or recommendations","No deficiencies or recommendations","No deficiencies or recommendations","No deficiencies or recommendations","No deficiencies or recommendations","No deficiencies or recommendations","No deficiencies or recommendations","No deficiencies or recommendations","N/A - No DWSRF",0,"0",NA,NA,NA,NA,"Data Not Available","Data Not Available","Data Not Available","https://echo.epa.gov/detailed-facility-report?fid=110048181105"
"30117","SWARTOUT WATER DISTRICT","NY1330809","Data Not Available","Region 2","Data not available","Data not available","Data not available","Data not applicable","Data not applicable","Data not available","State","New York","Community water system","Local government","N","N","Surface water",180,"<=500",85,"2025Q4",0,"0",0,"0","No HBV Identified",0,"0","No HBV Identified",0,"0",0,"0",0,"0",0,"0","N",0,"0",0,"0","Did not report any required service line types",NA,NA,NA,NA,NA,"N","Data Not Available",NA,"N",NA,"Y","Record Not Available or Not Reported to EPA","Record Not Available or Not Reported to EPA","Record Not Available or Not Reported to EPA","Record Not Available or Not Reported to EPA","Record Not Available or Not Reported to EPA","Record Not Available or Not Reported to EPA","Record Not Available or Not Reported to EPA","Record Not Available or Not Reported to EPA","Record Not Available or Not Reported to EPA","Record Not Available or Not Reported to EPA","Record Not Available or Not Reported to EPA","Record Not Available or Not Reported to EPA","Record Not Available or Not Reported to EPA","Record Not Available or Not Reported to EPA","N/A - No DWSRF",0,"0",NA,NA,NA,NA,"Data Not Available","Data Not Available","Data Not Available",NA
"36555","SUPERACUEDUCTO","PR0002000","110017912491","Region 2","Data not available","SAN JUAN; TOA BAJA","Bayamon Municipio; San Juan Municipio; Toa Alta Municipio","Data not applicable","Data not applicable","021; 127; 135","Territory","Puerto Rico","Community water system","Local government","N","N","Surface water",25,"<=500",187500,"2025Q4",0,"0",0,"0","No HBV Identified",0,"0","No HBV Identified",0,"0",0,"0",0,"0",0,"0","N",0,"0",0,"0","Reported all required service line types",0,0,0,0,0,"N","Data Not Available",NA,"N",2022-11-17,"N","Sanitary Survey, Complete","N","N","Not Applicable","Not Applicable","Not Applicable","Not Applicable","Not Applicable","Not Applicable","Not Applicable","Not Applicable","Not Applicable","Not Applicable","Not Applicable","N/A - No DWSRF",0,"0",NA,NA,NA,NA,"Data Not Available","Data Not Available","Data Not Available","https://echo.epa.gov/detailed-facility-report?fid=110017912491"
"36576","QUEBRADA","PR0002872","110013211498","Region 2","Data not available","CAMUY; HATILLO","Camuy Municipio; Hatillo Municipio","Data not applicable","Data not applicable","027; 065","Territory","Puerto Rico","Community water system","Local government","N","N","Surface water",9260,"3,301-10,000",3468,"2025Q4",0,"0",0,"0","No HBV Identified",0,"0","No HBV Identified",0,"0",1,"1-5",3,"1-5",1,"1-5","N",0,"0",0,"0","Reported all required service line types",2,0,1417,2654,4073,"N","Data Not Available",NA,"N",2024-08-30,"N","Sanitary Survey, Complete","N","N","Not Applicable","Not Applicable","Not Applicable","Not Applicable","Not Applicable","Not Applicable","Not Applicable","Not Applicable","Not Applicable","Not Applicable","Not Applicable","N/A - No DWSRF",0,"0",NA,NA,NA,NA,"Data Not Available","Data Not Available","Data Not Available","https://echo.epa.gov/detailed-facility-report?fid=110013211498"
"36582","SANAMUERTO","PR0003022","110013211657","Region 2","Data not available","MOROVIS; OROCOVIS","Morovis Municipio; Orocovis Municipio","Data not applicable","Data not applicable","101; 107","Territory","Puerto Rico","Community water system","Local government","N","N","Surface water",1498,"501-3,300",561,"2025Q4",0,"0",0,"0","No HBV Identified",1,"1-5","Long Term 2 Enhanced Surface Water Treatment Rule",0,"0",0,"0",1,"1-5",3,"1-5","N",0,"0",0,"0","Reported all required service line types",0,0,230,480,710,"N","Data Not Available",NA,"N",2023-03-10,"N","Sanitary Survey, Complete","N","N","Not Applicable","Not Applicable","Not Applicable","Not Applicable","Not Applicable","Not Applicable","Not Applicable","Not Applicable","Not Applicable","Not Applicable","Not Applicable","N/A - No DWSRF",0,"0",NA,NA,NA,NA,"Data Not Available","Data Not Available","Data Not Available","https://echo.epa.gov/detailed-facility-report?fid=110013211657"
"36605","EL ROSARIO","PR0003423","110013069044","Region 2","Data not available","SAN GERMAN","Mayaguez Municipio; San German Municipio","Data not applicable","Data not applicable","097; 125","Territory","Puerto Rico","Community water system","Local government","N","N","Groundwater",2358,"501-3,300",883,"2025Q4",0,"0",0,"0","No HBV Identified",0,"0","No HBV Identified",0,"0",0,"0",0,"0",0,"0","N",0,"0",0,"0","Reported all required service line types",0,0,420,538,958,"N","Data Not Available",NA,"N",2025-03-04,"N","Sanitary Survey, Complete","N","N","Not Applicable","Not Applicable","Not Applicable","Not Applicable","Not Applicable","Not Applicable","Not Applicable","Not Applicable","Not Applicable","Not Applicable","Not Applicable","N/A - No DWSRF",0,"0",NA,NA,NA,NA,"Data Not Available","Data Not Available","Data Not Available","https://echo.epa.gov/detailed-facility-report?fid=110013069044"
"36609","CAIN ALTO","PR0003533","110013069623","Region 2","Data not available","SAN GERMAN","Salinas Municipio; San German Municipio","Data not applicable","Data not applicable","123; 125","Territory","Puerto Rico","Community water system","Local government","N","N","Surface water",2448,"501-3,300",917,"2025Q4",0,"0",0,"0","No HBV Identified",0,"0","No HBV Identified",0,"0",0,"0",0,"0",0,"0","N",0,"0",0,"0","Reported all required service line types",0,0,426,647,1073,"N","Data Not Available",NA,"N",2024-08-26,"N","Sanitary Survey, Complete","N","N","Not Applicable","Not Applicable","Not Applicable","Not Applicable","Not Applicable","Not Applicable","Not Applicable","Not Applicable","Not Applicable","Not Applicable","Not Applicable","N/A - No DWSRF",0,"0",NA,NA,NA,NA,"Data Not Available","Data Not Available","Data Not Available","https://echo.epa.gov/detailed-facility-report?fid=110013069623"
"36618","LAGO GUAJATACA","PR0003772","110000557255","Region 2","Data not available","SAN SEBASTIAN; ISABELA","Isabela Municipio; San Sebastian Municipio","Data not applicable","Data not applicable","071; 131","Territory","Puerto Rico","Community water system","Local government","N","N","Surface water",11187,"10,001-100,000",4190,"2025Q4",0,"0",0,"0","No HBV Identified",1,"1-5","Interim and Long Term 1 Enhanced Surface Water Treatment Rule",0,"0",0,"0",3,"1-5",1,"1-5","N",0,"0",0,"0","Reported all required service line types",0,0,1518,3776,5294,"N","Data Not Available",NA,"N",2019-11-11,"Y","Sanitary Survey, Complete","N","N","Not Applicable","Not Applicable","Not Applicable","Not Applicable","Not Applicable","Not Applicable","Not Applicable","Not Applicable","Not Applicable","Not Applicable","Not Applicable","Yes",1,"1-5",NA,NA,NA,NA,"Data Not Available","Data Not Available","Data Not Available","https://echo.epa.gov/detailed-facility-report?fid=110000557255"
"36638","RIO LOCO","PR0004094","110013210088","Region 2","Data not available","GUANICA; YAUCO","Guanica Municipio; Yauco Municipio","Data not applicable","Data not applicable","055; 153","Territory","Puerto Rico","Community water system","Local government","N","N","Groundwater",1501,"501-3,300",714,"2025Q4",0,"0",0,"0","No HBV Identified",0,"0","No HBV Identified",0,"0",0,"0",0,"0",0,"0","N",0,"0",0,"0","Did not report any required service line types",NA,NA,NA,NA,NA,"N","Data Not Available",NA,"N",2014-12-13,"Y","Sanitary Survey, Complete","N","N","Not Applicable","Not Applicable","Not Applicable","Not Applicable","Not Applicable","Not Applicable","Not Applicable","Not Applicable","Not Applicable","Not Applicable","Not Applicable","N/A - No DWSRF",0,"0",NA,NA,NA,NA,"Data Not Available","Data Not Available","Data Not Available","https://echo.epa.gov/detailed-facility-report?fid=110013210088"
"36642","DUEY","PR0004234","110013066671","Region 2","Data not available","MARICAO; YAUCO","Maricao Municipio; Yauco Municipio","Data not applicable","Data not applicable","093; 153","Territory","Puerto Rico","Community water system","Local government","N","N","Surface water",2368,"501-3,300",887,"2025Q4",0,"0",0,"0","No HBV Identified",3,"1-5","Long Term 2 Enhanced Surface Water Treatment Rule",0,"0",0,"0",3,"1-5",0,"0","N",0,"0",0,"0","Reported all required service line types",0,0,419,635,1054,"N","Data Not Available",NA,"N",2024-06-25,"N","Sanitary Survey, Complete","N","N","Not Applicable","Not Applicable","Not Applicable","Not Applicable","Not Applicable","Not Applicable","Not Applicable","Not Applicable","Not Applicable","Not Applicable","Not Applicable","N/A - No DWSRF",0,"0",NA,NA,NA,NA,"Data Not Available","Data Not Available","Data Not Available","https://echo.epa.gov/detailed-facility-report?fid=110013066671"
"36647","ARENAS","PR0004374","110013066877","Region 2","Data not available","YAUCO; GUANICA","Guanica Municipio; Yauco Municipio","Data not applicable","Data not applicable","055; 153","Territory","Puerto Rico","Community water system","Local government","N","N","Groundwater",2019,"501-3,300",756,"2025Q4",0,"0",0,"0","No HBV Identified",0,"0","No HBV Identified",0,"0",0,"0",0,"0",0,"0","N",0,"0",0,"0","Reported all required service line types",0,0,247,439,686,"N","Data Not Available",NA,"N",2024-10-22,"N","Sanitary Survey, Complete","N","N","Not Applicable","Not Applicable","Not Applicable","Not Applicable","Not Applicable","Not Applicable","Not Applicable","Not Applicable","Not Applicable","Not Applicable","Not Applicable","N/A - No DWSRF",0,"0",NA,NA,NA,NA,"Data Not Available","Data Not Available","Data Not Available","https://echo.epa.gov/detailed-facility-report?fid=110013066877"
"36699","EL YUNQUE","PR0005296","110016613477","Region 2","Data not available","RIO GRANDE","Naguabo Municipio; Rio Grande Municipio","Data not applicable","Data not applicable","103; 119","Territory","Puerto Rico","Community water system","Local government","N","N","Surface water",68024,"10,001-100,000",25477,"2025Q4",1,"1-10",1,"1-5","Interim and Long Term 1 Enhanced Surface Water Treatment Rule",4,"1-5","Interim and Long Term 1 Enhanced Surface Water Treatment Rule",0,"0",0,"0",5,"1-5",1,"1-5","N",0,"0",0,"0","Reported all required service line types",0,0,7400,17198,24598,"N","Data Not Available",NA,"N",2019-09-30,"Y","Sanitary Survey, Complete","N","N","Not Applicable","Not Applicable","Not Applicable","Not Applicable","Not Applicable","Not Applicable","Not Applicable","Not Applicable","Not Applicable","Not Applicable","Not Applicable","N/A - No DWSRF",0,"0",NA,NA,NA,NA,"Data Not Available","Data Not Available","Data Not Available","https://echo.epa.gov/detailed-facility-report?fid=110016613477"
"36714","SABANA HOYOS","PR0005587","110013211390","Region 2","Data not available","VEGA ALTA","Loiza Municipio; Vega Alta Municipio","Data not applicable","Data not applicable","087; 143","Territory","Puerto Rico","Community water system","Local government","N","N","Surface water",2344,"501-3,300",878,"2025Q4",0,"0",0,"0","No HBV Identified",0,"0","No HBV Identified",0,"0",0,"0",2,"1-5",0,"0","N",0,"0",0,"0","Reported all required service line types",0,0,477,576,1053,"N","Data Not Available",NA,"N",2023-08-07,"N","Sanitary Survey, Complete","N","N","Not Applicable","Not Applicable","Not Applicable","Not Applicable","Not Applicable","Not Applicable","Not Applicable","Not Applicable","Not Applicable","Not Applicable","Not Applicable","N/A - No DWSRF",0,"0",NA,NA,NA,NA,"Data Not Available","Data Not Available","Data Not Available","https://echo.epa.gov/detailed-facility-report?fid=110013211390"
"36731","LUCAS LUGO","PR0242012","110013062381","Region 2","Data not available","LARES","Jayuya Municipio; Lares Municipio","Data not applicable","Data not applicable","073; 081","Territory","Puerto Rico","Community water system","Private","N","N","Groundwater",40,"<=500",15,"2025Q4",36,">30",1,"1-5","Lead and Copper Rule Revisions",1,"1-5","Lead and Copper Rule Revisions",1,"1-5",1,"1-5",18,"16-20",4,"1-5","N",0,"0",0,"0","Did not report any required service line types",NA,NA,NA,NA,NA,"Y","Data Not Available",NA,"N",2022-12-22,"N","Sanitary Survey, Complete","N","N","Not Applicable","Not Applicable","Not Applicable","Not Applicable","Not Applicable","Not Applicable","Not Applicable","Not Applicable","Not Applicable","Not Applicable","Not Applicable","N/A - No DWSRF",0,"0",NA,NA,NA,NA,"Data Not Available","Data Not Available","Data Not Available","https://echo.epa.gov/detailed-facility-report?fid=110013062381"
"36754","JARDIN DEL ATLANTICO","PR0303013","110048429492","Region 2","Data not available","AGUADILLA","Aguas Buenas","Data not applicable","Data not applicable","Data not available","Territory","Puerto Rico","Community water system","Private","N","N","Groundwater",165,"<=500",62,"2025Q4",2,"1-10",1,"1-5","Lead and Copper Rule Revisions",1,"1-5","Lead and Copper Rule Revisions",0,"0",0,"0",1,"1-5",0,"0","N",0,"0",0,"0","Did not report any required service line types",NA,NA,NA,NA,NA,"N","Data Not Available",NA,"N",2023-12-07,"N","Sanitary Survey, Complete","N","N","Not Applicable","Not Applicable","Not Applicable","Not Applicable","Not Applicable","Not Applicable","Not Applicable","Not Applicable","Not Applicable","Not Applicable","Not Applicable","N/A - No DWSRF",0,"0",NA,NA,NA,NA,"Data Not Available","Data Not Available","Data Not Available","https://echo.epa.gov/detailed-facility-report?fid=110048429492"
"36766","SECTOR LAGUNA","PR0377023","110013064012","Region 2","Data not available","LAS MARIAS","Las Marias Municipio; Trujillo Alto Municipio","Data not applicable","Data not applicable","083; 139","Territory","Puerto Rico","Community water system","Private","N","N","Surface water",27,"<=500",10,"2025Q4",36,">30",1,"1-5","Lead and Copper Rule Revisions",1,"1-5","Lead and Copper Rule Revisions",1,"1-5",1,"1-5",19,"16-20",1,"1-5","N",0,"0",0,"0","Did not report any required service line types",NA,NA,NA,NA,NA,"Y","Data Not Available",NA,"N",2024-06-02,"N","Sanitary Survey, Complete","N","N","Not Applicable","Not Applicable","Not Applicable","Not Applicable","Not Applicable","Not Applicable","Not Applicable","Not Applicable","Not Applicable","Not Applicable","Not Applicable","N/A - No DWSRF",0,"0",NA,NA,NA,NA,"Data Not Available","Data Not Available","Data Not Available","https://echo.epa.gov/detailed-facility-report?fid=110013064012"
"36767","ADJUNTAS LAS CRUCES, INC","PR0401014","110013043679","Region 2","Data not available","ADJUNTAS","Adjuntas Municipio; Trujillo Alto Municipio","Data not applicable","Data not applicable","001; 139","Territory","Puerto Rico","Community water system","Private","N","N","Groundwater",130,"<=500",49,"2025Q4",36,">30",1,"1-5","Lead and Copper Rule Revisions",1,"1-5","Lead and Copper Rule Revisions",1,"1-5",1,"1-5",18,"16-20",4,"1-5","N",0,"0",0,"0","Did not report any required service line types",NA,NA,NA,NA,NA,"Y","Data Not Available",NA,"N",2024-06-20,"N","Sanitary Survey, Complete","N","N","Not Applicable","Not Applicable","Not Applicable","Not Applicable","Not Applicable","Not Applicable","Not Applicable","Not Applicable","Not Applicable","Not Applicable","Not Applicable","N/A - No DWSRF",0,"0",NA,NA,NA,NA,"Data Not Available","Data Not Available","Data Not Available","https://echo.epa.gov/detailed-facility-report?fid=110013043679"
"36844","ACUED. RURAL PALMARITO CINTRON","PR0510145","110013052631","Region 2","Data not available","BARRANQUITAS","Barranquitas Municipio; Corozal Municipio","Data not applicable","Data not applicable","019; 047","Territory","Puerto Rico","Community water system","Private","N","N","Groundwater",644,"501-3,300",240,"2025Q4",3,"1-10",1,"1-5","Lead and Copper Rule Revisions",1,"1-5","Lead and Copper Rule Revisions",1,"1-5",1,"1-5",2,"1-5",4,"1-5","N",0,"0",0,"0","Did not report any required service line types",NA,NA,NA,NA,NA,"N","Data Not Available",NA,"N",2024-07-23,"N","Sanitary Survey, Complete","N","N","Not Applicable","Not Applicable","Not Applicable","Not Applicable","Not Applicable","Not Applicable","Not Applicable","Not Applicable","Not Applicable","Not Applicable","Not Applicable","N/A - No DWSRF",0,"0",NA,NA,NA,NA,"Data Not Available","Data Not Available","Data Not Available","https://echo.epa.gov/detailed-facility-report?fid=110013052631"
"36855","ASOC. DE AGUA SECTOR PELEGRIN SANTOS","PR0521035","110013052935","Region 2","Data not available","CIDRA","Aguas Buenas Municipio; Cidra Municipio","Data not applicable","Data not applicable","007; 041","Territory","Puerto Rico","Community water system","Private","N","N","Groundwater",256,"<=500",96,"2025Q4",2,"1-10",1,"1-5","Lead and Copper Rule Revisions",1,"1-5","Lead and Copper Rule Revisions",0,"0",0,"0",5,"1-5",0,"0","N",0,"0",0,"0","Did not report any required service line types",NA,NA,NA,NA,NA,"N","Data Not Available",NA,"N",2025-06-12,"N","Sanitary Survey, Complete","N","N","Not Applicable","Not Applicable","Not Applicable","Not Applicable","Not Applicable","Not Applicable","Not Applicable","Not Applicable","Not Applicable","Not Applicable","Not Applicable","N/A - No DWSRF",0,"0",NA,NA,NA,NA,"Data Not Available","Data Not Available","Data Not Available","https://echo.epa.gov/detailed-facility-report?fid=110013052935"
"36948","COMUNIDAD SANTANA","PR0724147","110047723665","Region 2","Data not available","COROZAL","Data not available","Data not applicable","Data not applicable","Data not available","Territory","Puerto Rico","Community water system","Local government","N","N","Groundwater",200,"<=500",75,"2025Q4",3,"1-10",1,"1-5","Lead and Copper Rule Revisions",1,"1-5","Lead and Copper Rule Revisions",1,"1-5",1,"1-5",2,"1-5",0,"0","N",0,"0",0,"0","Did not report any required service line types",NA,NA,NA,NA,NA,"N","Data Not Available",NA,"N",2025-09-26,"N","Sanitary Survey, Complete","N","N","Not Applicable","Not Applicable","Not Applicable","Not Applicable","Not Applicable","Not Applicable","Not Applicable","Not Applicable","Not Applicable","Not Applicable","Not Applicable","N/A - No DWSRF",0,"0",NA,NA,NA,NA,"Data Not Available","Data Not Available","Data Not Available","https://echo.epa.gov/detailed-facility-report?fid=110047723665"
"36949","COMUNIDAD MANA, SECTOR LOZADA INC.","PR0724157","110063342100","Region 2","Data not available","COROZAL","Data not available","Data not applicable","Data not applicable","Data not available","Territory","Puerto Rico","Community water system","Local government","N","N","Groundwater",240,"<=500",60,"2025Q4",4,"1-10",1,"1-5","Lead and Copper Rule Revisions",1,"1-5","Lead and Copper Rule Revisions",0,"0",0,"0",12,"11-15",0,"0","N",0,"0",0,"0","Did not report any required service line types",NA,NA,NA,NA,NA,"Y","Data Not Available",NA,"N",2024-09-04,"N","Sanitary Survey, Complete","N","N","Not Applicable","Not Applicable","Not Applicable","Not Applicable","Not Applicable","Not Applicable","Not Applicable","Not Applicable","Not Applicable","Not Applicable","Not Applicable","N/A - No DWSRF",0,"0",NA,NA,NA,NA,"Data Not Available","Data Not Available","Data Not Available","https://echo.epa.gov/detailed-facility-report?fid=110063342100"
"36956","ACUEDUCTO RURAL SAN JOSE","PR0754127","110048107856","Region 2","Data not available","NARANJITO","Data not available","Data not applicable","Data not applicable","Data not available","Territory","Puerto Rico","Community water system","Local government","N","N","Surface water",70,"<=500",21,"2025Q4",5,"1-10",2,"1-5","Lead and Copper Rule Revisions | Revised Total Coliform Rule",2,"1-5","Lead and Copper Rule Revisions | Revised Total Coliform Rule",1,"1-5",1,"1-5",3,"1-5",0,"0","N",0,"0",0,"0","Did not report any required service line types",NA,NA,NA,NA,NA,"Y","Data Not Available",NA,"N",2024-07-11,"N","Sanitary Survey, Complete","N","N","Not Applicable","Not Applicable","Not Applicable","Not Applicable","Not Applicable","Not Applicable","Not Applicable","Not Applicable","Not Applicable","Not Applicable","Not Applicable","N/A - No DWSRF",0,"0",NA,NA,NA,NA,"Data Not Available","Data Not Available","Data Not Available","https://echo.epa.gov/detailed-facility-report?fid=110048107856"
"37825","LAKOTA TECH HIGH SCHOOL","SD4600332","110071891795","Region 8","057716","BATESLAND","Shannon","Data not applicable","Data not applicable","113","State","South Dakota","Community water system","Private","N","N","Groundwater",1250,"501-3,300",29,"2025Q4",0,"0",0,"0","No HBV Identified",0,"0","No HBV Identified",0,"0",0,"0",0,"0",0,"0","N",0,"0",0,"0","Reported all required service line types",0,0,0,52,52,"N","Data Not Available",NA,"N",2024-08-14,"N","Sanitary Survey, Complete","Y","N","No deficiencies or recommendations","No deficiencies or recommendations","Record Not Available or Not Reported to EPA","No deficiencies or recommendations","Record Not Available or Not Reported to EPA","Significant deficiencies","No deficiencies or recommendations","No deficiencies or recommendations","Recommendations made","No deficiencies or recommendations","Record Not Available or Not Reported to EPA","N/A - No DWSRF",0,"0",NA,NA,NA,NA,"Data Not Available","Data Not Available","Data Not Available","https://echo.epa.gov/detailed-facility-report?fid=110071891795"
"38006","WR/LJ - MNI WICONI","SD4602223","110013750495","Region 8","057559","MURDO","Jones; Lyman; Stanley","Data not applicable","Data not applicable","075; 085; 117","State","South Dakota","Community water system","Private","N","N","Surface water",4720,"3,301-10,000",1894,"2025Q4",0,"0",0,"0","No HBV Identified",0,"0","No HBV Identified",0,"0",0,"0",0,"0",0,"0","N",0,"0",0,"0","Reported all required service line types",0,0,778,244,1022,"N","Data Not Available",NA,"N",2023-04-25,"N","Sanitary Survey, Complete","N","N","No deficiencies or recommendations","Not Applicable","Record Not Available or Not Reported to EPA","No deficiencies or recommendations","Record Not Available or Not Reported to EPA","No deficiencies or recommendations","No deficiencies or recommendations","Not Applicable","Recommendations made","No deficiencies or recommendations","Record Not Available or Not Reported to EPA","N/A - No DWSRF",0,"0",NA,NA,NA,NA,"Data Not Available","Data Not Available","Data Not Available","https://echo.epa.gov/detailed-facility-report?fid=110013750495"
"38030","CLARK RURAL WATER-KAMPESKA","SD4602277","110048144165","Region 8","057225; 57235","CLARK; FLORENCE","Codington; Day","Data not applicable","Data not applicable","029; 037","State","South Dakota","Community water system","Private","N","N","Groundwater",602,"501-3,300",252,"2025Q4",0,"0",0,"0","No HBV Identified",0,"0","No HBV Identified",0,"0",0,"0",0,"0",0,"0","N",0,"0",0,"0","Reported all required service line types",0,0,260,5,265,"N","Data Not Available",NA,"Y",2023-08-29,"N","Sanitary Survey, Complete","N","N","No deficiencies or recommendations","Recommendations made","Record Not Available or Not Reported to EPA","No deficiencies or recommendations","Record Not Available or Not Reported to EPA","No deficiencies or recommendations","No deficiencies or recommendations","No deficiencies or recommendations","Recommendations made","Recommendations made","Record Not Available or Not Reported to EPA","N/A - No DWSRF",0,"0",NA,NA,NA,NA,"Data Not Available","Data Not Available","Data Not Available","https://echo.epa.gov/detailed-facility-report?fid=110048144165"
"44277","NSA HAMPTON ROADS, PORTSMOUTH ANNEX","VA3740650","110063331336","Region 3","Data not available","PORTSMOUTH CITY","Galax","Data not applicable","Data not applicable","Data not available","State","Virginia","Community water system","Federal government","N","N","Surface water",6072,"3,301-10,000",48,"2025Q4",0,"0",0,"0","No HBV Identified",0,"0","No HBV Identified",0,"0",0,"0",0,"0",0,"0","N",0,"0",0,"0","Reported all required service line types",0,0,0,48,48,"N","Data Not Available",NA,"N",2025-07-18,"N","Sanitary Survey, Complete","N","N","Minor deficiencies","Not Applicable","Not Applicable","No deficiencies or recommendations","No deficiencies or recommendations","No deficiencies or recommendations","No deficiencies or recommendations","Not Applicable","Minor deficiencies","Minor deficiencies","Not Applicable","N/A - No DWSRF",0,"0",NA,NA,NA,NA,"Data Not Available","Data Not Available","Data Not Available","https://echo.epa.gov/detailed-facility-report?fid=110063331336"
"44801","Bovoni Housing Project I and II","VI0000029","110037447377","Region 2","Data not available","Data not available","St. Thomas Island","Data not applicable","Data not applicable","030","Territory","US Virgin Islands","Community water system","Private","N","N","Groundwater",960,"501-3,300",1,"2025Q4",2,"1-10",1,"1-5","Lead and Copper Rule Revisions",1,"1-5","Lead and Copper Rule Revisions",0,"0",0,"0",1,"1-5",0,"0","N",0,"0",0,"0","Did not report any required service line types",NA,NA,NA,NA,NA,"N","N",NA,"N",1988-04-19,"Y","Sanitary Survey, Complete","N","N","No deficiencies or recommendations","No deficiencies or recommendations","No deficiencies or recommendations","No deficiencies or recommendations","Not Applicable","No deficiencies or recommendations","No deficiencies or recommendations","No deficiencies or recommendations","No deficiencies or recommendations","No deficiencies or recommendations","Not evaluated","N/A - No DWSRF",0,"0",NA,NA,NA,NA,"Data Not Available","Data Not Available","Data Not Available","https://echo.epa.gov/detailed-facility-report?fid=110037447377"
"44802","Herbert Grigg Kitchen","VI0000058","110014406721","Region 2","Data not available","Data not available","St. Croix Island","Data not applicable","Data not applicable","010","Territory","US Virgin Islands","Community water system","State or Territorial Government","N","N","Groundwater",133,"<=500",1,"2025Q4",11,"11-20",1,"1-5","Lead and Copper Rule Revisions",1,"1-5","Lead and Copper Rule Revisions",0,"0",0,"0",4,"1-5",2,"1-5","N",0,"0",0,"0","Did not report any required service line types",NA,NA,NA,NA,NA,"Y","Y",2024-06-11,"N",2008-09-25,"Y","Sanitary Survey, Complete","N","N","No deficiencies or recommendations","No deficiencies or recommendations","No deficiencies or recommendations","No deficiencies or recommendations","Not Applicable","No deficiencies or recommendations","No deficiencies or recommendations","No deficiencies or recommendations","No deficiencies or recommendations","No deficiencies or recommendations","Not evaluated","N/A - No DWSRF",0,"0",NA,NA,NA,NA,"Data Not Available","Data Not Available","Data Not Available","https://echo.epa.gov/detailed-facility-report?fid=110014406721"
"44803","Long Reef Apartments","VI0000064","110010634046","Region 2","Data not available","Data not available","St. Croix Island","Data not applicable","Data not applicable","010","Territory","US Virgin Islands","Community water system","Private","N","N","Groundwater",124,"<=500",1,"2025Q4",0,"0",0,"0","No HBV Identified",0,"0","No HBV Identified",0,"0",0,"0",0,"0",1,"1-5","N",0,"0",0,"0","Reported all required service line types",0,0,0,5,5,"N","N",NA,"N",2012-01-18,"Y","Sanitary Survey, Complete","N","N","No deficiencies or recommendations","No deficiencies or recommendations","No deficiencies or recommendations","No deficiencies or recommendations","Not Applicable","No deficiencies or recommendations","No deficiencies or recommendations","No deficiencies or recommendations","No deficiencies or recommendations","No deficiencies or recommendations","Not evaluated","N/A - No DWSRF",0,"0",NA,NA,NA,NA,"Data Not Available","Data Not Available","Data Not Available","https://echo.epa.gov/detailed-facility-report?fid=110010634046"
"44804","Lorraine Village","VI0000066","110012831711","Region 2","Data not available","Data not available","St. Croix Island","Data not applicable","Data not applicable","010","Territory","US Virgin Islands","Community water system","Private","N","N","Groundwater",1008,"501-3,300",1,"2025Q4",3,"1-10",2,"1-5","Lead and Copper Rule Revisions | Revised Total Coliform Rule",2,"1-5","Lead and Copper Rule Revisions | Revised Total Coliform Rule",0,"0",0,"0",2,"1-5",0,"0","N",0,"0",0,"0","Did not report any required service line types",NA,NA,NA,NA,NA,"Y","N",NA,"N",2023-01-11,"N","Sanitary Survey, Complete","Y","N","No deficiencies or recommendations","Significant deficiencies","No deficiencies or recommendations","No deficiencies or recommendations","Not Applicable","No deficiencies or recommendations","No deficiencies or recommendations","Minor deficiencies","No deficiencies or recommendations","Significant deficiencies","Not evaluated","N/A - No DWSRF",0,"0",NA,NA,NA,NA,"Data Not Available","Data Not Available","Data Not Available","https://echo.epa.gov/detailed-facility-report?fid=110012831711"
"44805","Mill Harbour Condos","VI0000068","110010606399","Region 2","Data not available","Data not available","St. Croix Island","Data not applicable","Data not applicable","010","Territory","US Virgin Islands","Community water system","Private","N","N","Groundwater",345,"<=500",0,"2025Q4",0,"0",0,"0","No HBV Identified",1,"1-5","Lead and Copper Rule Revisions",0,"0",0,"0",1,"1-5",0,"0","N",0,"0",0,"0","Reported all required service line types",0,0,0,86,86,"N","N",NA,"N",2024-05-15,"N","Sanitary Survey, Complete","N","N","No deficiencies or recommendations","No deficiencies or recommendations","No deficiencies or recommendations","No deficiencies or recommendations","Not Applicable","No deficiencies or recommendations","No deficiencies or recommendations","No deficiencies or recommendations","No deficiencies or recommendations","No deficiencies or recommendations","Not evaluated","N/A - No DWSRF",0,"0",NA,NA,NA,NA,"Data Not Available","Data Not Available","Data Not Available","https://echo.epa.gov/detailed-facility-report?fid=110010606399"
"44806","The Golden Twin Apt.s (bay Court-n)","VI0000069","110012831775","Region 2","Data not available","Data not available","St. Croix Island","Data not applicable","Data not applicable","010","Territory","US Virgin Islands","Community water system","Private","N","N","Groundwater",38,"<=500",2,"2025Q4",2,"1-10",1,"1-5","Lead and Copper Rule Revisions",1,"1-5","Lead and Copper Rule Revisions",0,"0",0,"0",1,"1-5",1,"1-5","N",0,"0",0,"0","Did not report any required service line types",NA,NA,NA,NA,NA,"N","N",NA,"N",2015-08-17,"Y","Sanitary Survey, Complete","N","N","No deficiencies or recommendations","No deficiencies or recommendations","No deficiencies or recommendations","No deficiencies or recommendations","Not Applicable","No deficiencies or recommendations","No deficiencies or recommendations","No deficiencies or recommendations","No deficiencies or recommendations","No deficiencies or recommendations","Not evaluated","N/A - No DWSRF",0,"0",NA,NA,NA,NA,"Data Not Available","Data Not Available","Data Not Available","https://echo.epa.gov/detailed-facility-report?fid=110012831775"
"44807","Queen Louise Home","VI0000071","110070106229","Region 2","Data not available","Data not available","St. Croix Island","Data not applicable","Data not applicable","010","Territory","US Virgin Islands","Community water system","Private","N","N","Groundwater",90,"<=500",1,"2025Q4",0,"0",0,"0","No HBV Identified",0,"0","No HBV Identified",0,"0",0,"0",0,"0",0,"0","N",0,"0",0,"0","Reported all required service line types",0,0,0,85,85,"N","N",NA,"N",2015-02-26,"Y","Sanitary Survey, Complete","N","N","No deficiencies or recommendations","No deficiencies or recommendations","No deficiencies or recommendations","No deficiencies or recommendations","Not Applicable","No deficiencies or recommendations","No deficiencies or recommendations","No deficiencies or recommendations","No deficiencies or recommendations","No deficiencies or recommendations","Not evaluated","N/A - No DWSRF",0,"0",NA,NA,NA,NA,"Data Not Available","Data Not Available","Data Not Available","https://echo.epa.gov/detailed-facility-report?fid=110070106229"
"44808","Questa Verde F","VI0000072","110012831828","Region 2","Data not available","Data not available","St. Croix Island","Data not applicable","Data not applicable","010","Territory","US Virgin Islands","Community water system","Private","N","N","Groundwater",42,"<=500",1,"2025Q4",0,"0",0,"0","No HBV Identified",1,"1-5","Lead and Copper Rule Revisions",0,"0",0,"0",1,"1-5",0,"0","N",0,"0",0,"0","Reported all required service line types",0,0,0,120,120,"N","N",NA,"N",2021-12-01,"Y","Sanitary Survey, Complete","Y","N","No deficiencies or recommendations","No deficiencies or recommendations","No deficiencies or recommendations","No deficiencies or recommendations","Not Applicable","No deficiencies or recommendations","Significant deficiencies","No deficiencies or recommendations","Significant deficiencies","No deficiencies or recommendations","Not evaluated","N/A - No DWSRF",0,"0",NA,NA,NA,NA,"Data Not Available","Data Not Available","Data Not Available","https://echo.epa.gov/detailed-facility-report?fid=110012831828"
"44809","The Reef Condo","VI0000074","110010636008","Region 2","Data not available","TEAGUE BAY","St. Croix Island","Data not applicable","Data not applicable","010","Territory","US Virgin Islands","Community water system","Private","N","N","Surface water",374,"<=500",1,"2025Q4",2,"1-10",1,"1-5","Lead and Copper Rule Revisions",1,"1-5","Lead and Copper Rule Revisions",0,"0",0,"0",1,"1-5",1,"1-5","Y",1,"1-3",0,"0","Did not report any required service line types",NA,NA,NA,NA,NA,"N","N",NA,"N",2023-02-03,"N","Sanitary Survey, Complete","Y","N","No deficiencies or recommendations","No deficiencies or recommendations","No deficiencies or recommendations","No deficiencies or recommendations","Not Applicable","No deficiencies or recommendations","Significant deficiencies","No deficiencies or recommendations","Significant deficiencies","No deficiencies or recommendations","Not evaluated","N/A - No DWSRF",0,"0",NA,NA,NA,NA,"Data Not Available","Data Not Available","Data Not Available","https://echo.epa.gov/detailed-facility-report?fid=110010636008"
"44810","Association of StC Condos","VI0000075","110012831882","Region 2","Data not available","Data not available","St. Croix Island","Data not applicable","Data not applicable","010","Territory","US Virgin Islands","Community water system","Private","N","N","Groundwater",199,"<=500",2,"2025Q4",2,"1-10",1,"1-5","Lead and Copper Rule Revisions",1,"1-5","Lead and Copper Rule Revisions",0,"0",0,"0",1,"1-5",0,"0","Y",4,"4-5",0,"0","Did not report any required service line types",NA,NA,NA,NA,NA,"N","N",NA,"N",2014-08-19,"Y","Sanitary Survey, Complete","N","N","No deficiencies or recommendations","No deficiencies or recommendations","No deficiencies or recommendations","No deficiencies or recommendations","Not Applicable","No deficiencies or recommendations","No deficiencies or recommendations","No deficiencies or recommendations","No deficiencies or recommendations","No deficiencies or recommendations","Not evaluated","N/A - No DWSRF",0,"0",NA,NA,NA,NA,"Data Not Available","Data Not Available","Data Not Available","https://echo.epa.gov/detailed-facility-report?fid=110012831882"
"44811","Harbour View Apartments","VI0000078","110069216306","Region 2","Data not available","Data not available","St. Croix Island","Data not applicable","Data not applicable","010","Territory","US Virgin Islands","Community water system","Private","N","N","Groundwater",863,"501-3,300",1,"2025Q4",3,"1-10",2,"1-5","Lead and Copper Rule Revisions | Revised Total Coliform Rule",2,"1-5","Lead and Copper Rule Revisions | Revised Total Coliform Rule",0,"0",0,"0",2,"1-5",0,"0","N",0,"0",0,"0","Reported all required service line types",0,0,0,12,12,"Y","N",NA,"N",2014-06-03,"Y","Sanitary Survey, Complete","N","N","No deficiencies or recommendations","No deficiencies or recommendations","No deficiencies or recommendations","No deficiencies or recommendations","Not Applicable","No deficiencies or recommendations","No deficiencies or recommendations","No deficiencies or recommendations","No deficiencies or recommendations","No deficiencies or recommendations","Not evaluated","N/A - No DWSRF",0,"0",NA,NA,NA,NA,"Data Not Available","Data Not Available","Data Not Available","https://echo.epa.gov/detailed-facility-report?fid=110069216306"
"44812","Cowpet Bay Village-West","VI0000094","110010606362","Region 2","Data not available","Data not available","St. Thomas Island","Data not applicable","Data not applicable","030","Territory","US Virgin Islands","Community water system","Private","N","N","Groundwater",300,"<=500",1,"2025Q4",2,"1-10",1,"1-5","Lead and Copper Rule Revisions",1,"1-5","Lead and Copper Rule Revisions",0,"0",0,"0",1,"1-5",0,"0","N",0,"0",0,"0","Did not report any required service line types",NA,NA,NA,NA,NA,"N","N",NA,"N",2011-09-27,"Y","Sanitary Survey, Complete","N","N","No deficiencies or recommendations","No deficiencies or recommendations","No deficiencies or recommendations","No deficiencies or recommendations","Not Applicable","No deficiencies or recommendations","No deficiencies or recommendations","No deficiencies or recommendations","No deficiencies or recommendations","No deficiencies or recommendations","Not evaluated","N/A - No DWSRF",0,"0",NA,NA,NA,NA,"Data Not Available","Data Not Available","Data Not Available","https://echo.epa.gov/detailed-facility-report?fid=110010606362"
"44813","Water And Power Authority - STX","VI0000097","110000602866","Region 2","Data not available","Data not available","St. Croix Island","Data not applicable","Data not applicable","010","Territory","US Virgin Islands","Community water system","State or Territorial Government","N","Y","Surface water",35000,"10,001-100,000",35000,"2025Q4",2,"1-10",1,"1-5","Lead and Copper Rule Revisions",1,"1-5","Lead and Copper Rule Revisions",0,"0",0,"0",1,"1-5",0,"0","N",0,"0",0,"0","Did not report any required service line types",NA,NA,NA,NA,NA,"N","N",NA,"N",2011-09-28,"Y","Sanitary Survey, Complete","N","N","No deficiencies or recommendations","No deficiencies or recommendations","No deficiencies or recommendations","No deficiencies or recommendations","Not Applicable","No deficiencies or recommendations","No deficiencies or recommendations","No deficiencies or recommendations","No deficiencies or recommendations","No deficiencies or recommendations","Not evaluated","N/A - No DWSRF",0,"0",NA,NA,NA,NA,"Data Not Available","Data Not Available","Data Not Available","https://echo.epa.gov/detailed-facility-report?fid=110000602866"
"44814","Good Hope Townhouses","VI0000098","110012830678","Region 2","Data not available","Data not available","St. Croix Island","Data not applicable","Data not applicable","010","Territory","US Virgin Islands","Community water system","Private","N","N","Groundwater",98,"<=500",1,"2025Q4",1,"1-10",0,"0","No HBV Identified",0,"0","No HBV Identified",0,"0",0,"0",1,"1-5",0,"0","N",0,"0",0,"0","Reported all required service line types",0,0,0,62,62,"Y","N",NA,"N",2023-02-14,"N","Sanitary Survey, Complete","N","N","No deficiencies or recommendations","No deficiencies or recommendations","No deficiencies or recommendations","No deficiencies or recommendations","Not Applicable","No deficiencies or recommendations","No deficiencies or recommendations","No deficiencies or recommendations","No deficiencies or recommendations","No deficiencies or recommendations","Not evaluated","N/A - No DWSRF",0,"0",NA,NA,NA,NA,"Data Not Available","Data Not Available","Data Not Available","https://echo.epa.gov/detailed-facility-report?fid=110012830678"
"44815","Cowpet Bay Village-East","VI0000108","110010633886","Region 2","Data not available","Data not available","St. Thomas Island","Data not applicable","Data not applicable","030","Territory","US Virgin Islands","Community water system","Private","N","N","Surface water",120,"<=500",1,"2025Q4",2,"1-10",1,"1-5","Lead and Copper Rule Revisions",1,"1-5","Lead and Copper Rule Revisions",0,"0",0,"0",1,"1-5",0,"0","N",0,"0",0,"0","Did not report any required service line types",NA,NA,NA,NA,NA,"N","N",NA,"N",2008-04-29,"Y","Sanitary Survey, Complete","N","N","No deficiencies or recommendations","No deficiencies or recommendations","No deficiencies or recommendations","No deficiencies or recommendations","Not Applicable","No deficiencies or recommendations","No deficiencies or recommendations","No deficiencies or recommendations","No deficiencies or recommendations","No deficiencies or recommendations","Not evaluated","N/A - No DWSRF",0,"0",NA,NA,NA,NA,"Data Not Available","Data Not Available","Data Not Available","https://echo.epa.gov/detailed-facility-report?fid=110010633886"
"44816","Burnett Towers","VI0000122","110010634073","Region 2","Data not available","Data not available","St. Thomas Island","Data not applicable","Data not applicable","030","Territory","US Virgin Islands","Community water system","Private","N","N","Groundwater",100,"<=500",1,"2025Q4",2,"1-10",1,"1-5","Lead and Copper Rule Revisions",1,"1-5","Lead and Copper Rule Revisions",0,"0",0,"0",1,"1-5",0,"0","N",0,"0",0,"0","Did not report any required service line types",NA,NA,NA,NA,NA,"N","N",NA,"N",2009-04-15,"Y","Sanitary Survey, Complete","N","N","No deficiencies or recommendations","No deficiencies or recommendations","No deficiencies or recommendations","No deficiencies or recommendations","Not Applicable","No deficiencies or recommendations","No deficiencies or recommendations","No deficiencies or recommendations","No deficiencies or recommendations","No deficiencies or recommendations","Not evaluated","N/A - No DWSRF",0,"0",NA,NA,NA,NA,"Data Not Available","Data Not Available","Data Not Available","https://echo.epa.gov/detailed-facility-report?fid=110010634073"
"44817","UVI St.Thomas","VI0000174","110012830990","Region 2","Data not available","Data not available","St. Thomas Island","Data not applicable","Data not applicable","030","Territory","US Virgin Islands","Community water system","State or Territorial Government","Y","N","Groundwater",900,"501-3,300",1,"2025Q4",1,"1-10",1,"1-5","Lead and Copper Rule Revisions",1,"1-5","Lead and Copper Rule Revisions",0,"0",0,"0",1,"1-5",0,"0","N",0,"0",0,"0","Did not report any required service line types",NA,NA,NA,NA,NA,"N","N",NA,"N",NA,"Y","Record Not Available or Not Reported to EPA","Record Not Available or Not Reported to EPA","Record Not Available or Not Reported to EPA","Record Not Available or Not Reported to EPA","Record Not Available or Not Reported to EPA","Record Not Available or Not Reported to EPA","Record Not Available or Not Reported to EPA","Record Not Available or Not Reported to EPA","Record Not Available or Not Reported to EPA","Record Not Available or Not Reported to EPA","Record Not Available or Not Reported to EPA","Record Not Available or Not Reported to EPA","Record Not Available or Not Reported to EPA","Record Not Available or Not Reported to EPA","N/A - No DWSRF",0,"0",NA,NA,NA,NA,"Data Not Available","Data Not Available","Data Not Available","https://echo.epa.gov/detailed-facility-report?fid=110012830990"
"44818","Plantation Manor- Hibiscus","VI0000234","110012831016","Region 2","Data not available","Data not available","St. Thomas Island","Data not applicable","Data not applicable","030","Territory","US Virgin Islands","Community water system","Private","N","N","Groundwater",35,"<=500",1,"2025Q4",0,"0",0,"0","No HBV Identified",1,"1-5","Lead and Copper Rule Revisions",0,"0",0,"0",1,"1-5",0,"0","N",0,"0",0,"0","Did not report any required service line types",NA,NA,NA,NA,NA,"N","N",NA,"N",2012-07-05,"Y","Sanitary Survey, Complete","N","N","No deficiencies or recommendations","No deficiencies or recommendations","No deficiencies or recommendations","No deficiencies or recommendations","Not Applicable","No deficiencies or recommendations","No deficiencies or recommendations","No deficiencies or recommendations","No deficiencies or recommendations","No deficiencies or recommendations","Not evaluated","N/A - No DWSRF",0,"0",NA,NA,NA,NA,"Data Not Available","Data Not Available","Data Not Available","https://echo.epa.gov/detailed-facility-report?fid=110012831016"
"44819","Plantation Manor- Banana","VI0000235","110012831016","Region 2","Data not available","Data not available","St. Thomas Island","Data not applicable","Data not applicable","030","Territory","US Virgin Islands","Community water system","Private","N","N","Groundwater",26,"<=500",1,"2025Q4",0,"0",0,"0","No HBV Identified",1,"1-5","Lead and Copper Rule Revisions",0,"0",0,"0",1,"1-5",0,"0","N",0,"0",0,"0","Did not report any required service line types",NA,NA,NA,NA,NA,"N","N",NA,"N",2012-07-05,"Y","Sanitary Survey, Complete","N","N","No deficiencies or recommendations","No deficiencies or recommendations","No deficiencies or recommendations","No deficiencies or recommendations","Not Applicable","No deficiencies or recommendations","No deficiencies or recommendations","No deficiencies or recommendations","No deficiencies or recommendations","No deficiencies or recommendations","Not evaluated","N/A - No DWSRF",0,"0",NA,NA,NA,NA,"Data Not Available","Data Not Available","Data Not Available","https://echo.epa.gov/detailed-facility-report?fid=110012831016"
"44820","Plantation Manor- Papaya","VI0000236","110012831016","Region 2","Data not available","Data not available","St. Thomas Island","Data not applicable","Data not applicable","030","Territory","US Virgin Islands","Community water system","Private","N","N","Groundwater",32,"<=500",1,"2025Q4",0,"0",0,"0","No HBV Identified",1,"1-5","Lead and Copper Rule Revisions",0,"0",0,"0",1,"1-5",0,"0","N",0,"0",0,"0","Did not report any required service line types",NA,NA,NA,NA,NA,"N","N",NA,"N",2012-07-05,"Y","Sanitary Survey, Complete","N","N","No deficiencies or recommendations","No deficiencies or recommendations","No deficiencies or recommendations","No deficiencies or recommendations","Not Applicable","No deficiencies or recommendations","No deficiencies or recommendations","No deficiencies or recommendations","No deficiencies or recommendations","No deficiencies or recommendations","Not evaluated","N/A - No DWSRF",0,"0",NA,NA,NA,NA,"Data Not Available","Data Not Available","Data Not Available","https://echo.epa.gov/detailed-facility-report?fid=110012831016"
"44821","Plantation Manor- Poinsetta","VI0000237","110012831016","Region 2","Data not available","Data not available","St. Thomas Island","Data not applicable","Data not applicable","030","Territory","US Virgin Islands","Community water system","Private","N","N","Groundwater",42,"<=500",1,"2025Q4",0,"0",0,"0","No HBV Identified",1,"1-5","Lead and Copper Rule Revisions",0,"0",0,"0",1,"1-5",0,"0","N",0,"0",0,"0","Did not report any required service line types",NA,NA,NA,NA,NA,"N","N",NA,"N",2012-07-05,"Y","Sanitary Survey, Complete","N","N","No deficiencies or recommendations","No deficiencies or recommendations","No deficiencies or recommendations","No deficiencies or recommendations","Not Applicable","No deficiencies or recommendations","No deficiencies or recommendations","No deficiencies or recommendations","No deficiencies or recommendations","No deficiencies or recommendations","Not evaluated","N/A - No DWSRF",0,"0",NA,NA,NA,NA,"Data Not Available","Data Not Available","Data Not Available","https://echo.epa.gov/detailed-facility-report?fid=110012831016"
"44822","Point Pleasant Resort","VI0000271","110010135022","Region 2","Data not available","Data not available","St. Thomas Island","Data not applicable","Data not applicable","030","Territory","US Virgin Islands","Community water system","Private","N","N","Groundwater",273,"<=500",1,"2025Q4",2,"1-10",1,"1-5","Lead and Copper Rule Revisions",1,"1-5","Lead and Copper Rule Revisions",0,"0",0,"0",1,"1-5",0,"0","N",0,"0",0,"0","Did not report any required service line types",NA,NA,NA,NA,NA,"N","N",NA,"N",2008-07-22,"Y","Sanitary Survey, Complete","N","N","No deficiencies or recommendations","No deficiencies or recommendations","No deficiencies or recommendations","No deficiencies or recommendations","Not Applicable","No deficiencies or recommendations","No deficiencies or recommendations","No deficiencies or recommendations","No deficiencies or recommendations","No deficiencies or recommendations","Not evaluated","N/A - No DWSRF",0,"0",NA,NA,NA,NA,"Data Not Available","Data Not Available","Data Not Available","https://echo.epa.gov/detailed-facility-report?fid=110010135022"
"44823","Cane Brake Apartments","VI0000305","110012831070","Region 2","Data not available","Data not available","St. Croix Island","Data not applicable","Data not applicable","010","Territory","US Virgin Islands","Community water system","Private","N","N","Groundwater",177,"<=500",2,"2025Q4",2,"1-10",1,"1-5","Lead and Copper Rule Revisions",1,"1-5","Lead and Copper Rule Revisions",0,"0",0,"0",1,"1-5",0,"0","Y",1,"1-3",0,"0","Reported all required service line types",0,0,0,8,8,"N","N",NA,"N",2023-01-10,"N","Sanitary Survey, Complete","N","N","No deficiencies or recommendations","No deficiencies or recommendations","No deficiencies or recommendations","No deficiencies or recommendations","Not Applicable","No deficiencies or recommendations","Recommendations made","No deficiencies or recommendations","No deficiencies or recommendations","No deficiencies or recommendations","Not evaluated","N/A - No DWSRF",0,"0",NA,NA,NA,NA,"Data Not Available","Data Not Available","Data Not Available","https://echo.epa.gov/detailed-facility-report?fid=110012831070"
"44824","Estate Carlton Condos","VI0000335","110047315142","Region 2","Data not available","ESTATE CARLTON","St. Croix Island","Data not applicable","Data not applicable","010","Territory","US Virgin Islands","Community water system","Private","N","N","Groundwater",80,"<=500",1,"2025Q4",0,"0",0,"0","No HBV Identified",1,"1-5","Lead and Copper Rule Revisions",0,"0",0,"0",1,"1-5",0,"0","Y",2,"1-3",0,"0","Reported all required service line types",0,0,0,7,7,"N","N",NA,"N",2015-03-12,"Y","Sanitary Survey, Complete","N","N","No deficiencies or recommendations","No deficiencies or recommendations","No deficiencies or recommendations","No deficiencies or recommendations","Not Applicable","No deficiencies or recommendations","No deficiencies or recommendations","Minor deficiencies","Minor deficiencies","No deficiencies or recommendations","Not evaluated","N/A - No DWSRF",0,"0",NA,NA,NA,NA,"Data Not Available","Data Not Available","Data Not Available","https://echo.epa.gov/detailed-facility-report?fid=110047315142"
"44825","Granda Del Mar","VI0000342","110049926407","Region 2","Data not available","Data not available","St. Croix Island","Data not applicable","Data not applicable","010","Territory","US Virgin Islands","Community water system","Private","N","N","Groundwater",40,"<=500",36,"2025Q4",2,"1-10",1,"1-5","Lead and Copper Rule Revisions",1,"1-5","Lead and Copper Rule Revisions",0,"0",0,"0",1,"1-5",0,"0","N",0,"0",0,"0","Did not report any required service line types",NA,NA,NA,NA,NA,"N","N",NA,"N",2013-11-05,"Y","Sanitary Survey, Complete","N","N","No deficiencies or recommendations","No deficiencies or recommendations","No deficiencies or recommendations","No deficiencies or recommendations","Not Applicable","No deficiencies or recommendations","No deficiencies or recommendations","No deficiencies or recommendations","No deficiencies or recommendations","No deficiencies or recommendations","Not evaluated","N/A - No DWSRF",0,"0",NA,NA,NA,NA,"Data Not Available","Data Not Available","Data Not Available","https://echo.epa.gov/detailed-facility-report?fid=110049926407"
"44826","Ocean Point Terminals","VI0000349","110071301064","Region 2","Data not available","Data not available","St. Croix Island","Data not applicable","Data not applicable","010","Territory","US Virgin Islands","Community water system","Private","N","N","Surface water",2500,"501-3,300",5,"2025Q4",2,"1-10",1,"1-5","Lead and Copper Rule Revisions",1,"1-5","Lead and Copper Rule Revisions",0,"0",0,"0",1,"1-5",0,"0","N",0,"0",0,"0","Did not report any required service line types",NA,NA,NA,NA,NA,"N","N",NA,"N",2009-09-30,"Y","Sanitary Survey, Complete","N","N","No deficiencies or recommendations","No deficiencies or recommendations","No deficiencies or recommendations","No deficiencies or recommendations","Not Applicable","No deficiencies or recommendations","No deficiencies or recommendations","No deficiencies or recommendations","No deficiencies or recommendations","No deficiencies or recommendations","Not evaluated","N/A - No DWSRF",0,"0",NA,NA,NA,NA,"Data Not Available","Data Not Available","Data Not Available","https://echo.epa.gov/detailed-facility-report?fid=110071301064"
"44827","Water And Power Authority - STT","VI0000443","110000580960","Region 2","Data not available","Data not available","St. Thomas Island","Data not applicable","Data not applicable","030","Territory","US Virgin Islands","Community water system","State or Territorial Government","N","N","Surface water",34000,"10,001-100,000",1,"2025Q4",2,"1-10",1,"1-5","Lead and Copper Rule Revisions",1,"1-5","Lead and Copper Rule Revisions",0,"0",0,"0",1,"1-5",0,"0","N",0,"0",0,"0","Did not report any required service line types",NA,NA,NA,NA,NA,"N","N",NA,"N",2011-09-27,"Y","Sanitary Survey, Complete","N","N","No deficiencies or recommendations","No deficiencies or recommendations","No deficiencies or recommendations","No deficiencies or recommendations","Not Applicable","No deficiencies or recommendations","No deficiencies or recommendations","No deficiencies or recommendations","No deficiencies or recommendations","No deficiencies or recommendations","Not evaluated","N/A - No DWSRF",0,"0",NA,NA,NA,NA,"Data Not Available","Data Not Available","Data Not Available","https://echo.epa.gov/detailed-facility-report?fid=110000580960"
"44828","Sapphire Vill.condos (West)","VI1000030","110009766967","Region 2","Data not available","Data not available","St. Thomas Island","Data not applicable","Data not applicable","030","Territory","US Virgin Islands","Community water system","Private","N","N","Groundwater",225,"<=500",1,"2025Q4",2,"1-10",1,"1-5","Lead and Copper Rule Revisions",1,"1-5","Lead and Copper Rule Revisions",0,"0",0,"0",1,"1-5",0,"0","N",0,"0",0,"0","Did not report any required service line types",NA,NA,NA,NA,NA,"N","N",NA,"N",NA,"Y","Record Not Available or Not Reported to EPA","Record Not Available or Not Reported to EPA","Record Not Available or Not Reported to EPA","Record Not Available or Not Reported to EPA","Record Not Available or Not Reported to EPA","Record Not Available or Not Reported to EPA","Record Not Available or Not Reported to EPA","Record Not Available or Not Reported to EPA","Record Not Available or Not Reported to EPA","Record Not Available or Not Reported to EPA","Record Not Available or Not Reported to EPA","Record Not Available or Not Reported to EPA","Record Not Available or Not Reported to EPA","Record Not Available or Not Reported to EPA","N/A - No DWSRF",0,"0",NA,NA,NA,NA,"Data Not Available","Data Not Available","Data Not Available","https://echo.epa.gov/detailed-facility-report?fid=110009766967"
"44829","Criminal Justice Complex","VI1000044","110012831338","Region 2","Data not available","Data not available","St. Thomas Island","Data not applicable","Data not applicable","030","Territory","US Virgin Islands","Community water system","State or Territorial Government","N","N","Groundwater",96,"<=500",2,"2025Q4",2,"1-10",1,"1-5","Lead and Copper Rule Revisions",1,"1-5","Lead and Copper Rule Revisions",0,"0",0,"0",1,"1-5",0,"0","N",0,"0",0,"0","Did not report any required service line types",NA,NA,NA,NA,NA,"N","N",NA,"N",2008-04-21,"Y","Sanitary Survey, Complete","N","N","No deficiencies or recommendations","No deficiencies or recommendations","No deficiencies or recommendations","No deficiencies or recommendations","Not Applicable","No deficiencies or recommendations","No deficiencies or recommendations","No deficiencies or recommendations","No deficiencies or recommendations","No deficiencies or recommendations","Not evaluated","N/A - No DWSRF",0,"0",NA,NA,NA,NA,"Data Not Available","Data Not Available","Data Not Available","https://echo.epa.gov/detailed-facility-report?fid=110012831338"
"44830","Watergate West B-18 Sea Cliff Villas","VI1000046","110024279029","Region 2","Data not available","Data not available","St. Thomas Island","Data not applicable","Data not applicable","030","Territory","US Virgin Islands","Community water system","Private","N","N","Groundwater",61,"<=500",1,"2025Q4",2,"1-10",1,"1-5","Lead and Copper Rule Revisions",1,"1-5","Lead and Copper Rule Revisions",0,"0",0,"0",1,"1-5",0,"0","N",0,"0",0,"0","Did not report any required service line types",NA,NA,NA,NA,NA,"N","N",NA,"N",NA,"Y","Record Not Available or Not Reported to EPA","Record Not Available or Not Reported to EPA","Record Not Available or Not Reported to EPA","Record Not Available or Not Reported to EPA","Record Not Available or Not Reported to EPA","Record Not Available or Not Reported to EPA","Record Not Available or Not Reported to EPA","Record Not Available or Not Reported to EPA","Record Not Available or Not Reported to EPA","Record Not Available or Not Reported to EPA","Record Not Available or Not Reported to EPA","Record Not Available or Not Reported to EPA","Record Not Available or Not Reported to EPA","Record Not Available or Not Reported to EPA","N/A - No DWSRF",0,"0",NA,NA,NA,NA,"Data Not Available","Data Not Available","Data Not Available","https://echo.epa.gov/detailed-facility-report?fid=110024279029"
"44831","Watergate West B-21 Sea Cliff Villas","VI1000047","110022501498","Region 2","Data not available","Data not available","St. Thomas Island","Data not applicable","Data not applicable","030","Territory","US Virgin Islands","Community water system","Private","N","N","Groundwater",45,"<=500",1,"2025Q4",2,"1-10",1,"1-5","Lead and Copper Rule Revisions",1,"1-5","Lead and Copper Rule Revisions",0,"0",0,"0",1,"1-5",1,"1-5","N",0,"0",0,"0","Did not report any required service line types",NA,NA,NA,NA,NA,"N","N",NA,"N",NA,"Y","Record Not Available or Not Reported to EPA","Record Not Available or Not Reported to EPA","Record Not Available or Not Reported to EPA","Record Not Available or Not Reported to EPA","Record Not Available or Not Reported to EPA","Record Not Available or Not Reported to EPA","Record Not Available or Not Reported to EPA","Record Not Available or Not Reported to EPA","Record Not Available or Not Reported to EPA","Record Not Available or Not Reported to EPA","Record Not Available or Not Reported to EPA","Record Not Available or Not Reported to EPA","Record Not Available or Not Reported to EPA","Record Not Available or Not Reported to EPA","N/A - No DWSRF",0,"0",NA,NA,NA,NA,"Data Not Available","Data Not Available","Data Not Available","https://echo.epa.gov/detailed-facility-report?fid=110022501498"
"44832","Watergate West B-22 Sea Cliff Villas","VI1000048","110024279029","Region 2","Data not available","Data not available","St. Thomas Island","Data not applicable","Data not applicable","030","Territory","US Virgin Islands","Community water system","Private","N","N","Groundwater",35,"<=500",1,"2025Q4",2,"1-10",1,"1-5","Lead and Copper Rule Revisions",1,"1-5","Lead and Copper Rule Revisions",0,"0",0,"0",1,"1-5",0,"0","N",0,"0",0,"0","Did not report any required service line types",NA,NA,NA,NA,NA,"N","N",NA,"N",NA,"Y","Record Not Available or Not Reported to EPA","Record Not Available or Not Reported to EPA","Record Not Available or Not Reported to EPA","Record Not Available or Not Reported to EPA","Record Not Available or Not Reported to EPA","Record Not Available or Not Reported to EPA","Record Not Available or Not Reported to EPA","Record Not Available or Not Reported to EPA","Record Not Available or Not Reported to EPA","Record Not Available or Not Reported to EPA","Record Not Available or Not Reported to EPA","Record Not Available or Not Reported to EPA","Record Not Available or Not Reported to EPA","Record Not Available or Not Reported to EPA","N/A - No DWSRF",0,"0",NA,NA,NA,NA,"Data Not Available","Data Not Available","Data Not Available","https://echo.epa.gov/detailed-facility-report?fid=110024279029"
"44833","Clearview Apts","VI1000052","110010786738","Region 2","Data not available","Data not available","St. Thomas Island","Data not applicable","Data not applicable","030","Territory","US Virgin Islands","Community water system","Private","N","N","Groundwater",44,"<=500",1,"2025Q4",0,"0",0,"0","No HBV Identified",0,"0","No HBV Identified",0,"0",0,"0",0,"0",1,"1-5","N",0,"0",0,"0","Did not report any required service line types",NA,NA,NA,NA,NA,"N","N",NA,"N",NA,"Y","Record Not Available or Not Reported to EPA","Record Not Available or Not Reported to EPA","Record Not Available or Not Reported to EPA","Record Not Available or Not Reported to EPA","Record Not Available or Not Reported to EPA","Record Not Available or Not Reported to EPA","Record Not Available or Not Reported to EPA","Record Not Available or Not Reported to EPA","Record Not Available or Not Reported to EPA","Record Not Available or Not Reported to EPA","Record Not Available or Not Reported to EPA","Record Not Available or Not Reported to EPA","Record Not Available or Not Reported to EPA","Record Not Available or Not Reported to EPA","N/A - No DWSRF",0,"0",NA,NA,NA,NA,"Data Not Available","Data Not Available","Data Not Available","https://echo.epa.gov/detailed-facility-report?fid=110010786738"
"44834","Dorthea Condo","VI1000072","110014406712","Region 2","Data not available","Data not available","St. Thomas Island","Data not applicable","Data not applicable","030","Territory","US Virgin Islands","Community water system","Private","N","N","Groundwater",110,"<=500",1,"2025Q4",2,"1-10",1,"1-5","Lead and Copper Rule Revisions",1,"1-5","Lead and Copper Rule Revisions",0,"0",0,"0",1,"1-5",1,"1-5","N",0,"0",0,"0","Did not report any required service line types",NA,NA,NA,NA,NA,"N","N",NA,"N",NA,"Y","Record Not Available or Not Reported to EPA","Record Not Available or Not Reported to EPA","Record Not Available or Not Reported to EPA","Record Not Available or Not Reported to EPA","Record Not Available or Not Reported to EPA","Record Not Available or Not Reported to EPA","Record Not Available or Not Reported to EPA","Record Not Available or Not Reported to EPA","Record Not Available or Not Reported to EPA","Record Not Available or Not Reported to EPA","Record Not Available or Not Reported to EPA","Record Not Available or Not Reported to EPA","Record Not Available or Not Reported to EPA","Record Not Available or Not Reported to EPA","N/A - No DWSRF",0,"0",NA,NA,NA,NA,"Data Not Available","Data Not Available","Data Not Available","https://echo.epa.gov/detailed-facility-report?fid=110014406712"
"44835","Elysian Beach Resort","VI1000080","110009767029","Region 2","Data not available","Data not available","St. Thomas Island","Data not applicable","Data not applicable","030","Territory","US Virgin Islands","Community water system","Private","N","Y","Surface water",197,"<=500",1,"2025Q4",2,"1-10",1,"1-5","Lead and Copper Rule Revisions",1,"1-5","Lead and Copper Rule Revisions",0,"0",0,"0",1,"1-5",0,"0","N",0,"0",0,"0","Did not report any required service line types",NA,NA,NA,NA,NA,"N","N",NA,"N",2012-06-25,"Y","Sanitary Survey, Complete","N","N","No deficiencies or recommendations","No deficiencies or recommendations","No deficiencies or recommendations","No deficiencies or recommendations","Not Applicable","No deficiencies or recommendations","No deficiencies or recommendations","No deficiencies or recommendations","No deficiencies or recommendations","No deficiencies or recommendations","Not evaluated","N/A - No DWSRF",0,"0",NA,NA,NA,NA,"Data Not Available","Data Not Available","Data Not Available","https://echo.epa.gov/detailed-facility-report?fid=110009767029"
"44836","Anchorage Condos","VI1000082","110006800792","Region 2","Data not available","Data not available","St. Thomas Island","Data not applicable","Data not applicable","030","Territory","US Virgin Islands","Community water system","Private","N","N","Groundwater",75,"<=500",1,"2025Q4",2,"1-10",1,"1-5","Lead and Copper Rule Revisions",1,"1-5","Lead and Copper Rule Revisions",0,"0",0,"0",1,"1-5",0,"0","N",0,"0",0,"0","Did not report any required service line types",NA,NA,NA,NA,NA,"N","N",NA,"N",2014-08-07,"Y","Sanitary Survey, Complete","N","N","No deficiencies or recommendations","No deficiencies or recommendations","No deficiencies or recommendations","No deficiencies or recommendations","Not Applicable","No deficiencies or recommendations","No deficiencies or recommendations","No deficiencies or recommendations","No deficiencies or recommendations","No deficiencies or recommendations","Not evaluated","N/A - No DWSRF",0,"0",NA,NA,NA,NA,"Data Not Available","Data Not Available","Data Not Available","https://echo.epa.gov/detailed-facility-report?fid=110006800792"
"44837","Compass Point Marina","VI1000086","110005292959","Region 2","Data not available","Data not available","St. Thomas Island","Data not applicable","Data not applicable","030","Territory","US Virgin Islands","Community water system","Private","N","N","Groundwater",81,"<=500",1,"2025Q4",2,"1-10",1,"1-5","Lead and Copper Rule Revisions",1,"1-5","Lead and Copper Rule Revisions",0,"0",0,"0",1,"1-5",1,"1-5","N",0,"0",0,"0","Did not report any required service line types",NA,NA,NA,NA,NA,"N","N",NA,"N",2014-08-07,"Y","Sanitary Survey, Complete","N","N","No deficiencies or recommendations","No deficiencies or recommendations","No deficiencies or recommendations","No deficiencies or recommendations","Not Applicable","No deficiencies or recommendations","No deficiencies or recommendations","No deficiencies or recommendations","No deficiencies or recommendations","No deficiencies or recommendations","Not evaluated","N/A - No DWSRF",0,"0",NA,NA,NA,NA,"Data Not Available","Data Not Available","Data Not Available","https://echo.epa.gov/detailed-facility-report?fid=110005292959"
"44838","Heritage Hills Condos","VI1000118","110010764020","Region 2","Data not available","Data not available","St. Thomas Island","Data not applicable","Data not applicable","030","Territory","US Virgin Islands","Community water system","Private","N","N","Groundwater",44,"<=500",1,"2025Q4",2,"1-10",1,"1-5","Lead and Copper Rule Revisions",1,"1-5","Lead and Copper Rule Revisions",0,"0",0,"0",1,"1-5",0,"0","N",0,"0",0,"0","Did not report any required service line types",NA,NA,NA,NA,NA,"N","N",NA,"N",NA,"Y","Record Not Available or Not Reported to EPA","Record Not Available or Not Reported to EPA","Record Not Available or Not Reported to EPA","Record Not Available or Not Reported to EPA","Record Not Available or Not Reported to EPA","Record Not Available or Not Reported to EPA","Record Not Available or Not Reported to EPA","Record Not Available or Not Reported to EPA","Record Not Available or Not Reported to EPA","Record Not Available or Not Reported to EPA","Record Not Available or Not Reported to EPA","Record Not Available or Not Reported to EPA","Record Not Available or Not Reported to EPA","Record Not Available or Not Reported to EPA","N/A - No DWSRF",0,"0",NA,NA,NA,NA,"Data Not Available","Data Not Available","Data Not Available","https://echo.epa.gov/detailed-facility-report?fid=110010764020"
"44839","Watergate West B-24 Sea Cliff Villas","VI1000121","110024279029","Region 2","Data not available","Data not available","St. Thomas Island","Data not applicable","Data not applicable","030","Territory","US Virgin Islands","Community water system","Private","N","N","Groundwater",34,"<=500",1,"2025Q4",2,"1-10",1,"1-5","Lead and Copper Rule Revisions",1,"1-5","Lead and Copper Rule Revisions",0,"0",0,"0",1,"1-5",0,"0","N",0,"0",0,"0","Did not report any required service line types",NA,NA,NA,NA,NA,"N","N",NA,"N",NA,"Y","Record Not Available or Not Reported to EPA","Record Not Available or Not Reported to EPA","Record Not Available or Not Reported to EPA","Record Not Available or Not Reported to EPA","Record Not Available or Not Reported to EPA","Record Not Available or Not Reported to EPA","Record Not Available or Not Reported to EPA","Record Not Available or Not Reported to EPA","Record Not Available or Not Reported to EPA","Record Not Available or Not Reported to EPA","Record Not Available or Not Reported to EPA","Record Not Available or Not Reported to EPA","Record Not Available or Not Reported to EPA","Record Not Available or Not Reported to EPA","N/A - No DWSRF",0,"0",NA,NA,NA,NA,"Data Not Available","Data Not Available","Data Not Available","https://echo.epa.gov/detailed-facility-report?fid=110024279029"
"44840","Cabrita Point Resort","VI1000131","110010606344","Region 2","Data not available","Data not available","St. Thomas Island","Data not applicable","Data not applicable","030","Territory","US Virgin Islands","Community water system","Private","N","N","Groundwater",40,"<=500",1,"2025Q4",2,"1-10",1,"1-5","Lead and Copper Rule Revisions",1,"1-5","Lead and Copper Rule Revisions",0,"0",0,"0",1,"1-5",0,"0","N",0,"0",0,"0","Did not report any required service line types",NA,NA,NA,NA,NA,"N","N",NA,"N",2014-09-09,"Y","Sanitary Survey, Complete","N","N","No deficiencies or recommendations","No deficiencies or recommendations","No deficiencies or recommendations","No deficiencies or recommendations","Not Applicable","No deficiencies or recommendations","No deficiencies or recommendations","No deficiencies or recommendations","No deficiencies or recommendations","No deficiencies or recommendations","Not evaluated","N/A - No DWSRF",0,"0",NA,NA,NA,NA,"Data Not Available","Data Not Available","Data Not Available","https://echo.epa.gov/detailed-facility-report?fid=110010606344"
"44841","St. Thomas Healthcare Management","VI1000138","110010606353","Region 2","Data not available","Data not available","St. Thomas Island","Data not applicable","Data not applicable","030","Territory","US Virgin Islands","Community water system","Private","N","N","Groundwater",128,"<=500",1,"2025Q4",0,"0",0,"0","No HBV Identified",0,"0","No HBV Identified",0,"0",0,"0",0,"0",0,"0","N",0,"0",0,"0","Did not report any required service line types",NA,NA,NA,NA,NA,"N","N",NA,"N",2015-01-27,"Y","Sanitary Survey, Complete","N","N","No deficiencies or recommendations","No deficiencies or recommendations","No deficiencies or recommendations","No deficiencies or recommendations","Not Applicable","No deficiencies or recommendations","No deficiencies or recommendations","No deficiencies or recommendations","No deficiencies or recommendations","No deficiencies or recommendations","Not evaluated","N/A - No DWSRF",0,"0",NA,NA,NA,NA,"Data Not Available","Data Not Available","Data Not Available","https://echo.epa.gov/detailed-facility-report?fid=110010606353"
"44842","Fairway Village","VI1000175","110012829859","Region 2","Data not available","Data not available","St. Thomas Island","Data not applicable","Data not applicable","030","Territory","US Virgin Islands","Community water system","Private","N","N","Groundwater",64,"<=500",1,"2025Q4",2,"1-10",1,"1-5","Lead and Copper Rule Revisions",1,"1-5","Lead and Copper Rule Revisions",0,"0",0,"0",1,"1-5",0,"0","N",0,"0",0,"0","Did not report any required service line types",NA,NA,NA,NA,NA,"N","N",NA,"N",2012-06-29,"Y","Sanitary Survey, Complete","N","N","No deficiencies or recommendations","No deficiencies or recommendations","No deficiencies or recommendations","No deficiencies or recommendations","Not Applicable","No deficiencies or recommendations","No deficiencies or recommendations","No deficiencies or recommendations","No deficiencies or recommendations","No deficiencies or recommendations","Not evaluated","N/A - No DWSRF",0,"0",NA,NA,NA,NA,"Data Not Available","Data Not Available","Data Not Available","https://echo.epa.gov/detailed-facility-report?fid=110012829859"
"44843","Magens Point Condos","VI1000188","110012829877","Region 2","Data not available","Data not available","St. Thomas Island","Data not applicable","Data not applicable","030","Territory","US Virgin Islands","Community water system","Private","N","N","Groundwater",75,"<=500",1,"2025Q4",2,"1-10",1,"1-5","Lead and Copper Rule Revisions",1,"1-5","Lead and Copper Rule Revisions",0,"0",0,"0",1,"1-5",0,"0","N",0,"0",0,"0","Did not report any required service line types",NA,NA,NA,NA,NA,"N","N",NA,"N",2008-05-20,"Y","Sanitary Survey, Complete","N","N","No deficiencies or recommendations","No deficiencies or recommendations","No deficiencies or recommendations","No deficiencies or recommendations","Not Applicable","No deficiencies or recommendations","No deficiencies or recommendations","No deficiencies or recommendations","No deficiencies or recommendations","No deficiencies or recommendations","Not evaluated","N/A - No DWSRF",0,"0",NA,NA,NA,NA,"Data Not Available","Data Not Available","Data Not Available","https://echo.epa.gov/detailed-facility-report?fid=110012829877"
"44844","Ebenezer Garden","VI1000220","110022501602","Region 2","Data not available","Data not available","St. Thomas Island","Data not applicable","Data not applicable","030","Territory","US Virgin Islands","Community water system","Private","N","N","Groundwater",50,"<=500",1,"2025Q4",0,"0",0,"0","No HBV Identified",0,"0","No HBV Identified",0,"0",0,"0",0,"0",0,"0","N",0,"0",0,"0","Did not report any required service line types",NA,NA,NA,NA,NA,"N","N",NA,"N",NA,"Y","Record Not Available or Not Reported to EPA","Record Not Available or Not Reported to EPA","Record Not Available or Not Reported to EPA","Record Not Available or Not Reported to EPA","Record Not Available or Not Reported to EPA","Record Not Available or Not Reported to EPA","Record Not Available or Not Reported to EPA","Record Not Available or Not Reported to EPA","Record Not Available or Not Reported to EPA","Record Not Available or Not Reported to EPA","Record Not Available or Not Reported to EPA","Record Not Available or Not Reported to EPA","Record Not Available or Not Reported to EPA","Record Not Available or Not Reported to EPA","N/A - No DWSRF",0,"0",NA,NA,NA,NA,"Data Not Available","Data Not Available","Data Not Available","https://echo.epa.gov/detailed-facility-report?fid=110022501602"
"44845","Lovenlund Apartments","VI1000304","110022501611","Region 2","Data not available","Data not available","St. Thomas Island","Data not applicable","Data not applicable","030","Territory","US Virgin Islands","Community water system","Private","N","N","Groundwater",510,"501-3,300",1,"2025Q4",2,"1-10",1,"1-5","Lead and Copper Rule Revisions",1,"1-5","Lead and Copper Rule Revisions",0,"0",0,"0",1,"1-5",0,"0","N",0,"0",0,"0","Did not report any required service line types",NA,NA,NA,NA,NA,"N","N",NA,"N",2014-05-07,"Y","Sanitary Survey, Complete","N","N","No deficiencies or recommendations","No deficiencies or recommendations","No deficiencies or recommendations","No deficiencies or recommendations","Not Applicable","No deficiencies or recommendations","No deficiencies or recommendations","No deficiencies or recommendations","No deficiencies or recommendations","No deficiencies or recommendations","Not evaluated","N/A - No DWSRF",0,"0",NA,NA,NA,NA,"Data Not Available","Data Not Available","Data Not Available","https://echo.epa.gov/detailed-facility-report?fid=110022501611"
"44846","Watergate East - RO","VI1000322","110071768958","Region 2","Data not available","Data not available","St. Thomas Island","Data not applicable","Data not applicable","030","Territory","US Virgin Islands","Community water system","Private","N","N","Groundwater",25,"<=500",1,"2025Q4",2,"1-10",1,"1-5","Lead and Copper Rule Revisions",1,"1-5","Lead and Copper Rule Revisions",0,"0",0,"0",1,"1-5",0,"0","N",0,"0",0,"0","Did not report any required service line types",NA,NA,NA,NA,NA,"N","N",NA,"N",NA,"Y","Record Not Available or Not Reported to EPA","Record Not Available or Not Reported to EPA","Record Not Available or Not Reported to EPA","Record Not Available or Not Reported to EPA","Record Not Available or Not Reported to EPA","Record Not Available or Not Reported to EPA","Record Not Available or Not Reported to EPA","Record Not Available or Not Reported to EPA","Record Not Available or Not Reported to EPA","Record Not Available or Not Reported to EPA","Record Not Available or Not Reported to EPA","Record Not Available or Not Reported to EPA","Record Not Available or Not Reported to EPA","Record Not Available or Not Reported to EPA","N/A - No DWSRF",0,"0",NA,NA,NA,NA,"Data Not Available","Data Not Available","Data Not Available","https://echo.epa.gov/detailed-facility-report?fid=110071768958"
"44847","Calabash Boom Apartments (St. John)","VI1000329","110071768145","Region 2","Data not available","Data not available","St. John Island","Data not applicable","Data not applicable","020","Territory","US Virgin Islands","Community water system","Private","N","N","Groundwater",25,"<=500",1,"2025Q4",2,"1-10",1,"1-5","Lead and Copper Rule Revisions",1,"1-5","Lead and Copper Rule Revisions",0,"0",0,"0",1,"1-5",0,"0","N",0,"0",0,"0","Did not report any required service line types",NA,NA,NA,NA,NA,"N","N",NA,"N",2022-07-08,"N","Sanitary Survey, Complete","N","N","No deficiencies or recommendations","No deficiencies or recommendations","No deficiencies or recommendations","No deficiencies or recommendations","Not Applicable","No deficiencies or recommendations","No deficiencies or recommendations","No deficiencies or recommendations","No deficiencies or recommendations","No deficiencies or recommendations","Not evaluated","N/A - No DWSRF",0,"0",NA,NA,NA,NA,"Data Not Available","Data Not Available","Data Not Available","https://echo.epa.gov/detailed-facility-report?fid=110071768145"
"44848","Patriot Manor","VI1000332","110071767712","Region 2","Data not available","Data not available","St. Thomas Island","Data not applicable","Data not applicable","030","Territory","US Virgin Islands","Community water system","Private","N","N","Groundwater",25,"<=500",1,"2025Q4",2,"1-10",1,"1-5","Lead and Copper Rule Revisions",1,"1-5","Lead and Copper Rule Revisions",0,"0",0,"0",1,"1-5",0,"0","N",0,"0",0,"0","Did not report any required service line types",NA,NA,NA,NA,NA,"N","N",NA,"N",NA,"Y","Record Not Available or Not Reported to EPA","Record Not Available or Not Reported to EPA","Record Not Available or Not Reported to EPA","Record Not Available or Not Reported to EPA","Record Not Available or Not Reported to EPA","Record Not Available or Not Reported to EPA","Record Not Available or Not Reported to EPA","Record Not Available or Not Reported to EPA","Record Not Available or Not Reported to EPA","Record Not Available or Not Reported to EPA","Record Not Available or Not Reported to EPA","Record Not Available or Not Reported to EPA","Record Not Available or Not Reported to EPA","Record Not Available or Not Reported to EPA","N/A - No DWSRF",0,"0",NA,NA,NA,NA,"Data Not Available","Data Not Available","Data Not Available","https://echo.epa.gov/detailed-facility-report?fid=110071767712"
"44849","Crown View Apts. Bldg A","VI1000341","110071767724","Region 2","Data not available","Data not available","St. Thomas Island","Data not applicable","Data not applicable","030","Territory","US Virgin Islands","Community water system","Private","N","N","Groundwater",25,"<=500",1,"2025Q4",0,"0",0,"0","No HBV Identified",0,"0","No HBV Identified",0,"0",0,"0",0,"0",0,"0","N",0,"0",0,"0","Did not report any required service line types",NA,NA,NA,NA,NA,"N","N",NA,"N",NA,"Y","Record Not Available or Not Reported to EPA","Record Not Available or Not Reported to EPA","Record Not Available or Not Reported to EPA","Record Not Available or Not Reported to EPA","Record Not Available or Not Reported to EPA","Record Not Available or Not Reported to EPA","Record Not Available or Not Reported to EPA","Record Not Available or Not Reported to EPA","Record Not Available or Not Reported to EPA","Record Not Available or Not Reported to EPA","Record Not Available or Not Reported to EPA","Record Not Available or Not Reported to EPA","Record Not Available or Not Reported to EPA","Record Not Available or Not Reported to EPA","N/A - No DWSRF",0,"0",NA,NA,NA,NA,"Data Not Available","Data Not Available","Data Not Available","https://echo.epa.gov/detailed-facility-report?fid=110071767724"
"44850","Crown View Apts. Bldg B","VI1000342","110071767930","Region 2","Data not available","Data not available","St. Thomas Island","Data not applicable","Data not applicable","030","Territory","US Virgin Islands","Community water system","Private","N","N","Groundwater",25,"<=500",1,"2025Q4",0,"0",0,"0","No HBV Identified",0,"0","No HBV Identified",0,"0",0,"0",0,"0",0,"0","N",0,"0",0,"0","Did not report any required service line types",NA,NA,NA,NA,NA,"N","N",NA,"N",NA,"Y","Record Not Available or Not Reported to EPA","Record Not Available or Not Reported to EPA","Record Not Available or Not Reported to EPA","Record Not Available or Not Reported to EPA","Record Not Available or Not Reported to EPA","Record Not Available or Not Reported to EPA","Record Not Available or Not Reported to EPA","Record Not Available or Not Reported to EPA","Record Not Available or Not Reported to EPA","Record Not Available or Not Reported to EPA","Record Not Available or Not Reported to EPA","Record Not Available or Not Reported to EPA","Record Not Available or Not Reported to EPA","Record Not Available or Not Reported to EPA","N/A - No DWSRF",0,"0",NA,NA,NA,NA,"Data Not Available","Data Not Available","Data Not Available","https://echo.epa.gov/detailed-facility-report?fid=110071767930"
"44851","Sunset Gardens East","VI1000343","110071768992","Region 2","Data not available","Data not available","St. Thomas Island","Data not applicable","Data not applicable","030","Territory","US Virgin Islands","Community water system","Private","N","N","Groundwater",25,"<=500",1,"2025Q4",0,"0",0,"0","No HBV Identified",0,"0","No HBV Identified",0,"0",0,"0",0,"0",0,"0","N",0,"0",0,"0","Did not report any required service line types",NA,NA,NA,NA,NA,"N","N",NA,"N",NA,"Y","Record Not Available or Not Reported to EPA","Record Not Available or Not Reported to EPA","Record Not Available or Not Reported to EPA","Record Not Available or Not Reported to EPA","Record Not Available or Not Reported to EPA","Record Not Available or Not Reported to EPA","Record Not Available or Not Reported to EPA","Record Not Available or Not Reported to EPA","Record Not Available or Not Reported to EPA","Record Not Available or Not Reported to EPA","Record Not Available or Not Reported to EPA","Record Not Available or Not Reported to EPA","Record Not Available or Not Reported to EPA","Record Not Available or Not Reported to EPA","N/A - No DWSRF",0,"0",NA,NA,NA,NA,"Data Not Available","Data Not Available","Data Not Available","https://echo.epa.gov/detailed-facility-report?fid=110071768992"
"44852","Water Point","VI1000345","110071767713","Region 2","Data not available","Data not available","St. Thomas Island","Data not applicable","Data not applicable","030","Territory","US Virgin Islands","Community water system","Private","N","N","Groundwater",25,"<=500",1,"2025Q4",2,"1-10",1,"1-5","Lead and Copper Rule Revisions",1,"1-5","Lead and Copper Rule Revisions",0,"0",0,"0",1,"1-5",0,"0","N",0,"0",0,"0","Did not report any required service line types",NA,NA,NA,NA,NA,"N","N",NA,"N",NA,"Y","Record Not Available or Not Reported to EPA","Record Not Available or Not Reported to EPA","Record Not Available or Not Reported to EPA","Record Not Available or Not Reported to EPA","Record Not Available or Not Reported to EPA","Record Not Available or Not Reported to EPA","Record Not Available or Not Reported to EPA","Record Not Available or Not Reported to EPA","Record Not Available or Not Reported to EPA","Record Not Available or Not Reported to EPA","Record Not Available or Not Reported to EPA","Record Not Available or Not Reported to EPA","Record Not Available or Not Reported to EPA","Record Not Available or Not Reported to EPA","N/A - No DWSRF",0,"0",NA,NA,NA,NA,"Data Not Available","Data Not Available","Data Not Available","https://echo.epa.gov/detailed-facility-report?fid=110071767713"
"44853","Sugar Estates Senior Residence","VI1000351","110071769032","Region 2","Data not available","Data not available","St. Thomas Island","Data not applicable","Data not applicable","030","Territory","US Virgin Islands","Community water system","Private","N","N","Groundwater",25,"<=500",1,"2025Q4",2,"1-10",1,"1-5","Lead and Copper Rule Revisions",1,"1-5","Lead and Copper Rule Revisions",0,"0",0,"0",1,"1-5",0,"0","N",0,"0",0,"0","Did not report any required service line types",NA,NA,NA,NA,NA,"N","N",NA,"N",NA,"Y","Record Not Available or Not Reported to EPA","Record Not Available or Not Reported to EPA","Record Not Available or Not Reported to EPA","Record Not Available or Not Reported to EPA","Record Not Available or Not Reported to EPA","Record Not Available or Not Reported to EPA","Record Not Available or Not Reported to EPA","Record Not Available or Not Reported to EPA","Record Not Available or Not Reported to EPA","Record Not Available or Not Reported to EPA","Record Not Available or Not Reported to EPA","Record Not Available or Not Reported to EPA","Record Not Available or Not Reported to EPA","Record Not Available or Not Reported to EPA","N/A - No DWSRF",0,"0",NA,NA,NA,NA,"Data Not Available","Data Not Available","Data Not Available","https://echo.epa.gov/detailed-facility-report?fid=110071769032"
"44854","Magens Junction","VI1000354","110071769092","Region 2","Data not available","Data not available","St. Thomas Island","Data not applicable","Data not applicable","030","Territory","US Virgin Islands","Community water system","Private","N","N","Groundwater",25,"<=500",1,"2025Q4",2,"1-10",1,"1-5","Lead and Copper Rule Revisions",1,"1-5","Lead and Copper Rule Revisions",0,"0",0,"0",1,"1-5",0,"0","N",0,"0",0,"0","Did not report any required service line types",NA,NA,NA,NA,NA,"N","N",NA,"N",NA,"Y","Record Not Available or Not Reported to EPA","Record Not Available or Not Reported to EPA","Record Not Available or Not Reported to EPA","Record Not Available or Not Reported to EPA","Record Not Available or Not Reported to EPA","Record Not Available or Not Reported to EPA","Record Not Available or Not Reported to EPA","Record Not Available or Not Reported to EPA","Record Not Available or Not Reported to EPA","Record Not Available or Not Reported to EPA","Record Not Available or Not Reported to EPA","Record Not Available or Not Reported to EPA","Record Not Available or Not Reported to EPA","Record Not Available or Not Reported to EPA","N/A - No DWSRF",0,"0",NA,NA,NA,NA,"Data Not Available","Data Not Available","Data Not Available","https://echo.epa.gov/detailed-facility-report?fid=110071769092"
"44855","Walter IM Hodge Pavillion","VI1000700","110072079202","Region 2","Data not available","Data not available","Data not available","Data not applicable","Data not applicable","Data not available","Territory","US Virgin Islands","Community water system","Public/Private","N","N","Data Not Available",633,"501-3,300",1,"2025Q4",0,"0",0,"0","No HBV Identified",0,"0","No HBV Identified",0,"0",0,"0",0,"0",0,"0","N",0,"0",0,"0","Did not report any required service line types",NA,NA,NA,NA,NA,"N","N",NA,"N",NA,"Y","Record Not Available or Not Reported to EPA","Record Not Available or Not Reported to EPA","Record Not Available or Not Reported to EPA","Record Not Available or Not Reported to EPA","Record Not Available or Not Reported to EPA","Record Not Available or Not Reported to EPA","Record Not Available or Not Reported to EPA","Record Not Available or Not Reported to EPA","Record Not Available or Not Reported to EPA","Record Not Available or Not Reported to EPA","Record Not Available or Not Reported to EPA","Record Not Available or Not Reported to EPA","Record Not Available or Not Reported to EPA","Record Not Available or Not Reported to EPA","N/A - No DWSRF",0,"0",NA,NA,NA,NA,"Data Not Available","Data Not Available","Data Not Available","https://echo.epa.gov/detailed-facility-report?fid=110072079202"
"44856","Peppertree Terrace Trailer Park","VI2000029","110010787087","Region 2","Data not available","ESTATE DIAMOND","St. Croix Island","Data not applicable","Data not applicable","010","Territory","US Virgin Islands","Community water system","Private","N","N","Groundwater",267,"<=500",1,"2025Q4",0,"0",0,"0","No HBV Identified",0,"0","No HBV Identified",0,"0",0,"0",0,"0",0,"0","N",0,"0",0,"0","Reported all required service line types",0,0,0,120,120,"N","N",NA,"N",2015-08-17,"Y","Sanitary Survey, Complete","Y","N","No deficiencies or recommendations","No deficiencies or recommendations","No deficiencies or recommendations","No deficiencies or recommendations","Not Applicable","No deficiencies or recommendations","Significant deficiencies","No deficiencies or recommendations","Significant deficiencies","No deficiencies or recommendations","Not evaluated","N/A - No DWSRF",0,"0",NA,NA,NA,NA,"Data Not Available","Data Not Available","Data Not Available","https://echo.epa.gov/detailed-facility-report?fid=110010787087"
"44857","Peter Farm Condo","VI3000020","110047113814","Region 2","Data not available","Data not available","St. Croix Island","Data not applicable","Data not applicable","010","Territory","US Virgin Islands","Community water system","Private","N","N","Groundwater",42,"<=500",1,"2025Q4",0,"0",0,"0","No HBV Identified",0,"0","No HBV Identified",0,"0",0,"0",0,"0",0,"0","N",0,"0",0,"0","Reported all required service line types",0,0,0,3,3,"N","N",NA,"N",2024-05-10,"N","Sanitary Survey, Complete","N","N","No deficiencies or recommendations","No deficiencies or recommendations","No deficiencies or recommendations","No deficiencies or recommendations","Not Applicable","No deficiencies or recommendations","No deficiencies or recommendations","No deficiencies or recommendations","No deficiencies or recommendations","No deficiencies or recommendations","Not evaluated","N/A - No DWSRF",0,"0",NA,NA,NA,NA,"Data Not Available","Data Not Available","Data Not Available","https://echo.epa.gov/detailed-facility-report?fid=110047113814"
"44858","Herbert Grigg LTC","VI3000025","110012877609","Region 2","Data not available","Data not available","St. Croix Island","Data not applicable","Data not applicable","010","Territory","US Virgin Islands","Community water system","State or Territorial Government","N","N","Groundwater",106,"<=500",1,"2025Q4",9,"1-10",1,"1-5","Lead and Copper Rule Revisions",1,"1-5","Lead and Copper Rule Revisions",0,"0",0,"0",4,"1-5",2,"1-5","N",0,"0",0,"0","Did not report any required service line types",NA,NA,NA,NA,NA,"Y","N",NA,"N",2014-09-25,"Y","Sanitary Survey, Complete","N","N","No deficiencies or recommendations","No deficiencies or recommendations","No deficiencies or recommendations","No deficiencies or recommendations","Not Applicable","No deficiencies or recommendations","No deficiencies or recommendations","No deficiencies or recommendations","No deficiencies or recommendations","No deficiencies or recommendations","Not evaluated","N/A - No DWSRF",0,"0",NA,NA,NA,NA,"Data Not Available","Data Not Available","Data Not Available","https://echo.epa.gov/detailed-facility-report?fid=110012877609"
"44859","Questa Verde D-B","VI3000049","110012830017","Region 2","Data not available","Data not available","St. Croix Island","Data not applicable","Data not applicable","010","Territory","US Virgin Islands","Community water system","Private","N","N","Groundwater",59,"<=500",1,"2025Q4",0,"0",0,"0","No HBV Identified",1,"1-5","Lead and Copper Rule Revisions",0,"0",0,"0",1,"1-5",0,"0","N",0,"0",0,"0","Reported all required service line types",0,0,0,150,150,"N","N",NA,"N",2024-05-29,"N","Sanitary Survey, Complete","Y","N","No deficiencies or recommendations","No deficiencies or recommendations","No deficiencies or recommendations","No deficiencies or recommendations","Not Applicable","No deficiencies or recommendations","Significant deficiencies","No deficiencies or recommendations","No deficiencies or recommendations","No deficiencies or recommendations","Not evaluated","N/A - No DWSRF",0,"0",NA,NA,NA,NA,"Data Not Available","Data Not Available","Data Not Available","https://echo.epa.gov/detailed-facility-report?fid=110012830017"
"44860","Questa Verde M-N","VI3000050","110012830035","Region 2","Data not available","Data not available","St. Croix Island","Data not applicable","Data not applicable","010","Territory","US Virgin Islands","Community water system","Private","N","N","Groundwater",25,"<=500",1,"2025Q4",0,"0",0,"0","No HBV Identified",1,"1-5","Lead and Copper Rule Revisions",0,"0",0,"0",1,"1-5",0,"0","N",0,"0",0,"0","Reported all required service line types",0,0,0,84,84,"N","N",NA,"N",2021-01-12,"Y","Sanitary Survey, Complete","N","Y","Significant deficiencies","No deficiencies or recommendations","No deficiencies or recommendations","No deficiencies or recommendations","Not Applicable","No deficiencies or recommendations","No deficiencies or recommendations","No deficiencies or recommendations","No deficiencies or recommendations","No deficiencies or recommendations","Not evaluated","N/A - No DWSRF",0,"0",NA,NA,NA,NA,"Data Not Available","Data Not Available","Data Not Available","https://echo.epa.gov/detailed-facility-report?fid=110012830035"
"44861","Questa Verde K-L","VI3000051","110012877832","Region 2","Data not available","Data not available","St. Croix Island","Data not applicable","Data not applicable","010","Territory","US Virgin Islands","Community water system","Private","N","N","Groundwater",28,"<=500",1,"2025Q4",0,"0",0,"0","No HBV Identified",1,"1-5","Lead and Copper Rule Revisions",0,"0",0,"0",1,"1-5",0,"0","N",0,"0",0,"0","Reported all required service line types",0,0,0,106,106,"N","N",NA,"N",2011-08-10,"Y","Sanitary Survey, Complete","N","N","No deficiencies or recommendations","No deficiencies or recommendations","No deficiencies or recommendations","No deficiencies or recommendations","Not Applicable","No deficiencies or recommendations","No deficiencies or recommendations","No deficiencies or recommendations","No deficiencies or recommendations","No deficiencies or recommendations","Not evaluated","N/A - No DWSRF",0,"0",NA,NA,NA,NA,"Data Not Available","Data Not Available","Data Not Available","https://echo.epa.gov/detailed-facility-report?fid=110012877832"
"44862","Fort Louise Augusta Condos","VI3000062","110012830151","Region 2","Data not available","Data not available","St. Croix Island","Data not applicable","Data not applicable","010","Territory","US Virgin Islands","Community water system","Private","N","N","Groundwater",30,"<=500",1,"2025Q4",2,"1-10",1,"1-5","Lead and Copper Rule Revisions",1,"1-5","Lead and Copper Rule Revisions",0,"0",0,"0",1,"1-5",0,"0","N",0,"0",0,"0","Did not report any required service line types",NA,NA,NA,NA,NA,"N","N",NA,"N",2014-08-19,"Y","Sanitary Survey, Complete","N","N","No deficiencies or recommendations","No deficiencies or recommendations","No deficiencies or recommendations","No deficiencies or recommendations","Not Applicable","No deficiencies or recommendations","No deficiencies or recommendations","No deficiencies or recommendations","No deficiencies or recommendations","No deficiencies or recommendations","Not evaluated","N/A - No DWSRF",0,"0",NA,NA,NA,NA,"Data Not Available","Data Not Available","Data Not Available","https://echo.epa.gov/detailed-facility-report?fid=110012830151"
"44863","Stx. Mutual Homes 14/15","VI3000463","110012830339","Region 2","Data not available","Data not available","St. Croix Island","Data not applicable","Data not applicable","010","Territory","US Virgin Islands","Community water system","Private","N","N","Groundwater",118,"<=500",1,"2025Q4",1,"1-10",0,"0","No HBV Identified",1,"1-5","Lead and Copper Rule Revisions",0,"0",0,"0",2,"1-5",0,"0","N",0,"0",0,"0","Reported all required service line types",0,0,126,0,126,"N","N",NA,"N",2014-08-20,"Y","Sanitary Survey, Complete","N","N","No deficiencies or recommendations","No deficiencies or recommendations","No deficiencies or recommendations","No deficiencies or recommendations","Not Applicable","No deficiencies or recommendations","No deficiencies or recommendations","No deficiencies or recommendations","No deficiencies or recommendations","No deficiencies or recommendations","Not evaluated","N/A - No DWSRF",0,"0",NA,NA,NA,NA,"Data Not Available","Data Not Available","Data Not Available","https://echo.epa.gov/detailed-facility-report?fid=110012830339"
"44864","Stx. Mutual Homes 21/26","VI3000464","110012830339","Region 2","Data not available","Data not available","St. Croix Island","Data not applicable","Data not applicable","010","Territory","US Virgin Islands","Community water system","Private","N","N","Groundwater",119,"<=500",1,"2025Q4",1,"1-10",0,"0","No HBV Identified",0,"0","No HBV Identified",0,"0",0,"0",1,"1-5",1,"1-5","Y",1,"1-3",0,"0","Reported all required service line types",0,0,162,0,162,"N","N",NA,"N",2014-08-20,"Y","Sanitary Survey, Complete","N","N","No deficiencies or recommendations","No deficiencies or recommendations","No deficiencies or recommendations","No deficiencies or recommendations","Not Applicable","No deficiencies or recommendations","No deficiencies or recommendations","No deficiencies or recommendations","No deficiencies or recommendations","No deficiencies or recommendations","Not evaluated","N/A - No DWSRF",0,"0",NA,NA,NA,NA,"Data Not Available","Data Not Available","Data Not Available","https://echo.epa.gov/detailed-facility-report?fid=110012830339"
"44865","Stx. Mutual Homes 36","VI3000465","110012830339","Region 2","Data not available","Data not available","St. Croix Island","Data not applicable","Data not applicable","010","Territory","US Virgin Islands","Community water system","Private","N","N","Groundwater",197,"<=500",1,"2025Q4",1,"1-10",0,"0","No HBV Identified",1,"1-5","Lead and Copper Rule Revisions",0,"0",0,"0",2,"1-5",0,"0","N",0,"0",1,"1-3","Reported all required service line types",0,0,288,0,288,"N","N",NA,"N",2014-08-20,"Y","Sanitary Survey, Complete","N","N","No deficiencies or recommendations","No deficiencies or recommendations","No deficiencies or recommendations","No deficiencies or recommendations","Not Applicable","No deficiencies or recommendations","No deficiencies or recommendations","No deficiencies or recommendations","No deficiencies or recommendations","No deficiencies or recommendations","Not evaluated","N/A - No DWSRF",0,"0",NA,NA,NA,NA,"Data Not Available","Data Not Available","Data Not Available","https://echo.epa.gov/detailed-facility-report?fid=110012830339"
"44866","Stx. Mutual Homes 44/53","VI3000466","110012830339","Region 2","Data not available","Data not available","St. Croix Island","Data not applicable","Data not applicable","010","Territory","US Virgin Islands","Community water system","Private","N","N","Groundwater",86,"<=500",1,"2025Q4",1,"1-10",0,"0","No HBV Identified",1,"1-5","Lead and Copper Rule Revisions",0,"0",0,"0",2,"1-5",0,"0","N",0,"0",0,"0","Reported all required service line types",108,0,0,0,108,"N","N",NA,"N",2014-08-20,"Y","Sanitary Survey, Complete","N","N","No deficiencies or recommendations","No deficiencies or recommendations","No deficiencies or recommendations","No deficiencies or recommendations","Not Applicable","No deficiencies or recommendations","No deficiencies or recommendations","No deficiencies or recommendations","No deficiencies or recommendations","No deficiencies or recommendations","Not evaluated","N/A - No DWSRF",0,"0",NA,NA,NA,NA,"Data Not Available","Data Not Available","Data Not Available","https://echo.epa.gov/detailed-facility-report?fid=110012830339"
"44867","Stx. Mutual Homes 54/60","VI3000467","110012830339","Region 2","Data not available","Data not available","St. Croix Island","Data not applicable","Data not applicable","010","Territory","US Virgin Islands","Community water system","Private","N","N","Groundwater",150,"<=500",1,"2025Q4",1,"1-10",0,"0","No HBV Identified",1,"1-5","Lead and Copper Rule Revisions",0,"0",0,"0",2,"1-5",1,"1-5","N",0,"0",0,"0","Reported all required service line types",216,0,0,0,216,"N","N",NA,"N",2014-08-20,"Y","Sanitary Survey, Complete","N","N","No deficiencies or recommendations","No deficiencies or recommendations","No deficiencies or recommendations","No deficiencies or recommendations","Not Applicable","No deficiencies or recommendations","No deficiencies or recommendations","No deficiencies or recommendations","No deficiencies or recommendations","No deficiencies or recommendations","Not evaluated","N/A - No DWSRF",0,"0",NA,NA,NA,NA,"Data Not Available","Data Not Available","Data Not Available","https://echo.epa.gov/detailed-facility-report?fid=110012830339"
"44868","Herbert Grigg I-C","VI3000477","110047073509","Region 2","Data not available","Data not available","St. Croix Island","Data not applicable","Data not applicable","010","Territory","US Virgin Islands","Community water system","State or Territorial Government","N","N","Groundwater",133,"<=500",2,"2025Q4",1,"1-10",0,"0","No HBV Identified",0,"0","No HBV Identified",0,"0",0,"0",1,"1-5",0,"0","N",0,"0",0,"0","Did not report any required service line types",NA,NA,NA,NA,NA,"N","N",NA,"N",NA,"Y","Record Not Available or Not Reported to EPA","Record Not Available or Not Reported to EPA","Record Not Available or Not Reported to EPA","Record Not Available or Not Reported to EPA","Record Not Available or Not Reported to EPA","Record Not Available or Not Reported to EPA","Record Not Available or Not Reported to EPA","Record Not Available or Not Reported to EPA","Record Not Available or Not Reported to EPA","Record Not Available or Not Reported to EPA","Record Not Available or Not Reported to EPA","Record Not Available or Not Reported to EPA","Record Not Available or Not Reported to EPA","Record Not Available or Not Reported to EPA","N/A - No DWSRF",0,"0",NA,NA,NA,NA,"Data Not Available","Data Not Available","Data Not Available","https://echo.epa.gov/detailed-facility-report?fid=110047073509"
"44869","Saman Villas","VI3000522","110050750585","Region 2","Data not available","Data not available","St. Croix Island","Data not applicable","Data not applicable","010","Territory","US Virgin Islands","Community water system","Private","N","N","Groundwater",70,"<=500",1,"2025Q4",2,"1-10",1,"1-5","Lead and Copper Rule Revisions",1,"1-5","Lead and Copper Rule Revisions",0,"0",0,"0",1,"1-5",0,"0","N",0,"0",0,"0","Did not report any required service line types",NA,NA,NA,NA,NA,"N","N",NA,"N",2015-04-08,"Y","Sanitary Survey, Complete","N","N","No deficiencies or recommendations","No deficiencies or recommendations","No deficiencies or recommendations","No deficiencies or recommendations","Not Applicable","No deficiencies or recommendations","No deficiencies or recommendations","No deficiencies or recommendations","No deficiencies or recommendations","No deficiencies or recommendations","Not evaluated","N/A - No DWSRF",0,"0",NA,NA,NA,NA,"Data Not Available","Data Not Available","Data Not Available","https://echo.epa.gov/detailed-facility-report?fid=110050750585"
"44870","Sweet Lime Village","VI3000524","110047330900","Region 2","Data not available","Data not available","St. Croix Island","Data not applicable","Data not applicable","010","Territory","US Virgin Islands","Community water system","Private","N","N","Groundwater",28,"<=500",1,"2025Q4",0,"0",0,"0","No HBV Identified",0,"0","No HBV Identified",0,"0",0,"0",0,"0",0,"0","Y",2,"1-3",0,"0","Did not report any required service line types",NA,NA,NA,NA,NA,"N","N",NA,"N",2023-03-17,"N","Sanitary Survey, Complete","Y","N","No deficiencies or recommendations","No deficiencies or recommendations","No deficiencies or recommendations","No deficiencies or recommendations","Not Applicable","No deficiencies or recommendations","Significant deficiencies","No deficiencies or recommendations","No deficiencies or recommendations","No deficiencies or recommendations","Not evaluated","N/A - No DWSRF",0,"0",NA,NA,NA,NA,"Data Not Available","Data Not Available","Data Not Available","https://echo.epa.gov/detailed-facility-report?fid=110047330900"
"44871","Genip Gardens","VI3000549","110070763747","Region 2","Data not available","Data not available","St. Croix Island","Data not applicable","Data not applicable","010","Territory","US Virgin Islands","Community water system","Private","N","N","Groundwater",28,"<=500",28,"2025Q4",2,"1-10",1,"1-5","Lead and Copper Rule Revisions",1,"1-5","Lead and Copper Rule Revisions",0,"0",0,"0",1,"1-5",0,"0","N",0,"0",0,"0","Reported all required service line types",0,0,0,138,138,"N","N",NA,"N",NA,"Y","Record Not Available or Not Reported to EPA","Record Not Available or Not Reported to EPA","Record Not Available or Not Reported to EPA","Record Not Available or Not Reported to EPA","Record Not Available or Not Reported to EPA","Record Not Available or Not Reported to EPA","Record Not Available or Not Reported to EPA","Record Not Available or Not Reported to EPA","Record Not Available or Not Reported to EPA","Record Not Available or Not Reported to EPA","Record Not Available or Not Reported to EPA","Record Not Available or Not Reported to EPA","Record Not Available or Not Reported to EPA","Record Not Available or Not Reported to EPA","N/A - No DWSRF",0,"0",NA,NA,NA,NA,"Data Not Available","Data Not Available","Data Not Available","https://echo.epa.gov/detailed-facility-report?fid=110070763747"
"44872","Flamboyant Gardens E","VI3000551","110070763746","Region 2","Data not available","Data not available","St. Croix Island","Data not applicable","Data not applicable","010","Territory","US Virgin Islands","Community water system","Private","N","N","Groundwater",25,"<=500",1,"2025Q4",0,"0",0,"0","No HBV Identified",1,"1-5","Lead and Copper Rule Revisions",0,"0",0,"0",1,"1-5",0,"0","N",0,"0",0,"0","Reported all required service line types",0,0,0,72,72,"N","N",NA,"N",2024-05-16,"N","Sanitary Survey, Complete","N","Y","Significant deficiencies","No deficiencies or recommendations","No deficiencies or recommendations","No deficiencies or recommendations","Not Applicable","No deficiencies or recommendations","No deficiencies or recommendations","No deficiencies or recommendations","No deficiencies or recommendations","No deficiencies or recommendations","Not evaluated","N/A - No DWSRF",0,"0",NA,NA,NA,NA,"Data Not Available","Data Not Available","Data Not Available","https://echo.epa.gov/detailed-facility-report?fid=110070763746"
"44873","Flamboyant Gardens F","VI3000552","110070763744","Region 2","Data not available","Data not available","St. Croix Island","Data not applicable","Data not applicable","010","Territory","US Virgin Islands","Community water system","Private","N","N","Groundwater",25,"<=500",1,"2025Q4",0,"0",0,"0","No HBV Identified",1,"1-5","Lead and Copper Rule Revisions",0,"0",0,"0",1,"1-5",0,"0","N",0,"0",0,"0","Reported all required service line types",0,0,0,73,73,"N","N",NA,"N",2024-05-16,"N","Sanitary Survey, Complete","N","Y","Significant deficiencies","No deficiencies or recommendations","No deficiencies or recommendations","No deficiencies or recommendations","Not Applicable","No deficiencies or recommendations","No deficiencies or recommendations","No deficiencies or recommendations","No deficiencies or recommendations","No deficiencies or recommendations","Not evaluated","N/A - No DWSRF",0,"0",NA,NA,NA,NA,"Data Not Available","Data Not Available","Data Not Available","https://echo.epa.gov/detailed-facility-report?fid=110070763744"
"44874","Flamboyant Gardens G","VI3000553","110070763745","Region 2","Data not available","Data not available","St. Croix Island","Data not applicable","Data not applicable","010","Territory","US Virgin Islands","Community water system","Private","N","N","Groundwater",25,"<=500",25,"2025Q4",0,"0",0,"0","No HBV Identified",1,"1-5","Lead and Copper Rule Revisions",0,"0",0,"0",1,"1-5",0,"0","N",0,"0",0,"0","Reported all required service line types",0,0,0,50,50,"N","N",NA,"N",2024-05-16,"N","Sanitary Survey, Complete","N","N","No deficiencies or recommendations","No deficiencies or recommendations","No deficiencies or recommendations","No deficiencies or recommendations","Not Applicable","No deficiencies or recommendations","No deficiencies or recommendations","No deficiencies or recommendations","No deficiencies or recommendations","No deficiencies or recommendations","Not evaluated","N/A - No DWSRF",0,"0",NA,NA,NA,NA,"Data Not Available","Data Not Available","Data Not Available","https://echo.epa.gov/detailed-facility-report?fid=110070763745"
"44875","Flamboyant Gardens I","VI3000554","110070763748","Region 2","Data not available","Data not available","St. Croix Island","Data not applicable","Data not applicable","010","Territory","US Virgin Islands","Community water system","Private","N","N","Groundwater",25,"<=500",1,"2025Q4",0,"0",0,"0","No HBV Identified",1,"1-5","Lead and Copper Rule Revisions",0,"0",0,"0",1,"1-5",0,"0","N",0,"0",0,"0","Reported all required service line types",0,0,0,73,73,"N","N",NA,"N",2024-05-16,"N","Sanitary Survey, Complete","N","Y","Significant deficiencies","No deficiencies or recommendations","No deficiencies or recommendations","No deficiencies or recommendations","Not Applicable","No deficiencies or recommendations","No deficiencies or recommendations","No deficiencies or recommendations","No deficiencies or recommendations","No deficiencies or recommendations","Not evaluated","N/A - No DWSRF",0,"0",NA,NA,NA,NA,"Data Not Available","Data Not Available","Data Not Available","https://echo.epa.gov/detailed-facility-report?fid=110070763748"
"44876","Flamboyant Gardens J","VI3000555","110070763743","Region 2","Data not available","Data not available","St. Croix Island","Data not applicable","Data not applicable","010","Territory","US Virgin Islands","Community water system","Private","N","N","Groundwater",25,"<=500",12,"2025Q4",2,"1-10",2,"1-5","Revised Total Coliform Rule",2,"1-5","Lead and Copper Rule Revisions | Revised Total Coliform Rule",0,"0",0,"0",2,"1-5",0,"0","N",0,"0",0,"0","Reported all required service line types",0,0,0,83,83,"Y","N",NA,"N",2024-05-16,"N","Sanitary Survey, Complete","N","N","No deficiencies or recommendations","No deficiencies or recommendations","No deficiencies or recommendations","No deficiencies or recommendations","Not Applicable","No deficiencies or recommendations","No deficiencies or recommendations","No deficiencies or recommendations","No deficiencies or recommendations","No deficiencies or recommendations","Not evaluated","N/A - No DWSRF",0,"0",NA,NA,NA,NA,"Data Not Available","Data Not Available","Data Not Available","https://echo.epa.gov/detailed-facility-report?fid=110070763743"
"44877","Louise E Brown III","VI3000560","110071767677","Region 2","Data not available","Data not available","St. Croix Island","Data not applicable","Data not applicable","010","Territory","US Virgin Islands","Community water system","Local government","N","N","Groundwater",181,"<=500",1,"2025Q4",2,"1-10",1,"1-5","Lead and Copper Rule Revisions",1,"1-5","Lead and Copper Rule Revisions",0,"0",0,"0",1,"1-5",0,"0","N",0,"0",0,"0","Did not report any required service line types",NA,NA,NA,NA,NA,"N","N",NA,"N",2024-02-08,"N","Sanitary Survey, Complete","N","N","No deficiencies or recommendations","No deficiencies or recommendations","No deficiencies or recommendations","No deficiencies or recommendations","Not Applicable","No deficiencies or recommendations","No deficiencies or recommendations","Minor deficiencies","No deficiencies or recommendations","No deficiencies or recommendations","Not evaluated","N/A - No DWSRF",0,"0",NA,NA,NA,NA,"Data Not Available","Data Not Available","Data Not Available","https://echo.epa.gov/detailed-facility-report?fid=110071767677"
