"","PWS_NAME","PWSID","REGISTRY_ID","EPA_REGION","ZIP_CODE_SERVED","CITY_SERVED","COUNTY_SERVED","TRIBE_SERVED","BIA_TRIBE_CODE","ANSI_ENTITY_CODE","PRIMACY_TYPE","PRIMACY_AGENCY","PWS_TYPE","OWNER_TYPE","SCHOOL_OR_DAYCARE","WHOLESALER","SOURCE_WATER_TYPE","POPULATION_SERVED_COUNT","POPULATION_CATEGORY_SERVED","SERVICE_CONNECTIONS_COUNT","COMP_PERIOD_BEGIN_FYQTR","VIOLATIONS_NON_RTC_COUNT","VIOLATIONS_NON_RTC_COUNT_RANGE","HBV_NON_RTC_COUNT","HBV_NON_RTC_COUNT_RANGE","HB_RULES_VIOL_NONRTC","HBV_COUNT_QTRS_5YRS","HBV_COUNT_QTRS_5YRS_RANGE","HB_RULES_VIOLATED_5YRS","LCR_VIOL_NONRTC_COUNT","LCR_VIOL_NONRTC_COUNT_RANGE","LCR_VIOL_COUNT_QTRS_5YRS","LCR_VIOL_COUNT_QTRS_5YRS_RANGE","MR_VIOL_COUNT_QTRS_5YRS","MR_VIOL_COUNT_QTRS_5YRS_RANGE","FEA_VIOL_NONRTC_COUNT","FEA_VIOL_NONRTC_COUNT_RANGE","LEAD_ALE_5YRS_YN","LEAD_ALE_COUNT_5YRS","LEAD_ALE_COUNT_5YRS_RANGE","LEAD_SAMPLE_COUNT_5YRS","LEAD_SAMPLE_COUNT_5YRS_RANGE","SL_RPT_STATUS","NUM_GALVANIZED_REQUIRING_REPLACEMENT_SL","NUM_LEAD_SERVICE_LINES","NUM_LEAD_STATUS_UNKNOWN_SL","NUM_NONLEAD_SERVICE_LINES","TOTAL_NUM_SERVICE_LINES_REPORTED","ENF_PRIORITY_SYS","SS_OUTSTAND_PERFORM","SS_OUTSTAND_PERFORM_BEGIN_DATE","TRMT_4LOG_OR_GREATER","SS_DATE_MOST_RECENT","SS_SURVEY_OVERDUE","SS_VISIT_TYPE","SS_SIGD_OR_SAND_INFRA_YN","SS_SIGD_OR_SAND_CAP_YN","MANAGEMENT_OPS_EVAL_CODE","SOURCE_WATER_EVAL_CODE","SECURITY_EVAL_CODE","PUMPS_EVAL_CODE","OTHER_EVAL_CODE","COMPLIANCE_EVAL_CODE","DATA_VERIFICATION_EVAL_CODE","TREATMENT_EVAL_CODE","FINISHED_WATER_STOR_EVAL_CODE","DISTRIBUTION_EVAL_CODE","FINANCIAL_EVAL_CODE","STATE_DWSRF_DAC","DWSRF_AWARDS_10YRS_COUNT","DWSRF_AWARDS_10YRS_COUNT_RANGE","PWS_MHI_WEIGHT","PWS_LQI_WEIGHT","PCT_LOWINC","PCT_RURAL","PCT_UNEMPLY","PCT_U5","PCT_U18","PCT_62PLUS","PCT_HU_RNTR","PCT_MFHU","PCT_LOWINC_RANGE","PCT_RURAL_RANGE","PCT_UNEMPLY_RANGE","PCT_U5_RANGE","PCT_U18_RANGE","PCT_62PLUS_RANGE","PCT_HU_RNTR_RANGE","PCT_MFHU_RANGE","DFR_URL"
"98","Eastern Shawnee","061000101","110047850296","Region 6","0","","Data not available","Eastern Shawnee Tribe of Oklahoma","921","","Tribal","EPA Region 6","Community water system","Tribal Government","N","N","Groundwater",796,"501-3,300",61,"2026Q2",0,"0",0,"0","No HBV Identified",0,"0","No HBV Identified",0,"0",0,"0",0,"0",0,"0","N",0,"0",0,"0","Reported all required service line types",0,0,0,61,61,"N","N",NA,"N",4803852-08-02,"N","Sanitary Survey, Complete","N","N","No deficiencies or recommendations","Recommendations made","No deficiencies or recommendations","No deficiencies or recommendations","Not Applicable","No deficiencies or recommendations","No deficiencies or recommendations","Recommendations made","No deficiencies or recommendations","No deficiencies or recommendations","Not evaluated","N/A - No DWSRF",0,"0",NA,NA,NA,NA,NA,NA,NA,NA,NA,NA,"Data Not Available","Data Not Available","Data Not Available","Data Not Available","Data Not Available","Data Not Available","Data Not Available","Data Not Available","	
https://echo.epa.gov/detailed-facility-report?fid=110047850296"
"109","Tonkawa Tribe Of Oklahoma","062005885","110071769076","Region 6","0","","Data not available","Tonkawa Tribe of Indians of Oklahoma","814","071","Tribal","EPA Region 6","Community water system","Tribal Government","N","N","Groundwater",400,"<=500",110,"2026Q2",1,"1-10",0,"0","No HBV Identified",0,"0","No HBV Identified",1,"1-5",2,"1-5",2,"1-5",0,"0","N",0,"0",0,"0","Reported all required service line types",0,0,108,2,110,"N","N",NA,"N",4727918-05-19,"N","Sanitary Survey, Complete","N","Y","Significant deficiencies","No deficiencies or recommendations","Minor deficiencies","No deficiencies or recommendations","Not Applicable","No deficiencies or recommendations","No deficiencies or recommendations","No deficiencies or recommendations","Minor deficiencies","No deficiencies or recommendations","Not evaluated","N/A - No DWSRF",0,"0",NA,NA,NA,NA,NA,NA,NA,NA,NA,NA,"Data Not Available","Data Not Available","Data Not Available","Data Not Available","Data Not Available","Data Not Available","Data Not Available","Data Not Available","	
https://echo.epa.gov/detailed-facility-report?fid=110071769076"
"111","Jones Academy","063006122","110063368172","Region 6","0","","Data not available","The Choctaw Nation of Oklahoma","907","","Tribal","EPA Region 6","Community water system","Tribal Government","Y","N","Surface water",290,"<=500",1,"2026Q2",0,"0",0,"0","No HBV Identified",4,"1-5","Stage 2 Disinfectants and Disinfection Byproducts Rule",0,"0",0,"0",4,"1-5",0,"0","N",0,"0",0,"0","Reported all required service line types",0,0,10,4,14,"N","N",NA,"N",4374978-01-26,"Y","Sanitary Survey, Complete","Y","Y","Significant deficiencies","No deficiencies or recommendations","No deficiencies or recommendations","No deficiencies or recommendations","No deficiencies or recommendations","No deficiencies or recommendations","No deficiencies or recommendations","No deficiencies or recommendations","Significant deficiencies","Significant deficiencies","No deficiencies or recommendations","N/A - No DWSRF",0,"0",NA,NA,NA,NA,NA,NA,NA,NA,NA,NA,"Data Not Available","Data Not Available","Data Not Available","Data Not Available","Data Not Available","Data Not Available","Data Not Available","Data Not Available","	
https://echo.epa.gov/detailed-facility-report?fid=110063368172"
"149","Pawnee Tribal Complex","064026001","110047741100","Region 6","0","","Data not available","Pawnee Nation of Oklahoma","812","","Tribal","EPA Region 6","Community water system","Tribal Government","N","N","Groundwater",485,"<=500",35,"2026Q2",0,"0",0,"0","No HBV Identified",0,"0","No HBV Identified",0,"0",0,"0",0,"0",0,"0","N",0,"0",0,"0","Reported all required service line types",0,0,32,0,32,"N","N",NA,"N",4374504-12-17,"Y","Sanitary Survey, Complete","Y","N","No deficiencies or recommendations","Significant deficiencies","No deficiencies or recommendations","No deficiencies or recommendations","No deficiencies or recommendations","No deficiencies or recommendations","No deficiencies or recommendations","No deficiencies or recommendations","Significant deficiencies","Significant deficiencies","No deficiencies or recommendations","N/A - No DWSRF",0,"0",NA,NA,NA,NA,NA,NA,NA,NA,NA,NA,"Data Not Available","Data Not Available","Data Not Available","Data Not Available","Data Not Available","Data Not Available","Data Not Available","Data Not Available","	
https://echo.epa.gov/detailed-facility-report?fid=110047741100"
"499","Battle Mountain","093200364","110012940336","Region 9","0","BATTLE MOUNTAIN","Data not available","Te-Moak Tribe of Western Shoshone Indians of Nevada (Four constituent bands: Battle Mountain Band; Elko Band; South Fork Band; and Wells Band)","640","015","Tribal","EPA Region 9","Community water system","Tribal Government","N","N","Groundwater",195,"<=500",69,"2026Q2",2,"1-10",2,"1-5","Ground Water Rule",2,"1-5","Ground Water Rule",0,"0",0,"0",13,"11-15",0,"0","Y",1,"1-3",0,"0","Reported all required service line types",0,0,0,63,63,"Y","N",NA,"N",4619812-09-01,"N","Sanitary Survey, Complete","Y","N","No deficiencies or recommendations","Significant deficiencies","No deficiencies or recommendations","No deficiencies or recommendations","Not Applicable","Significant deficiencies","No deficiencies or recommendations","Minor deficiencies","No deficiencies or recommendations","No deficiencies or recommendations","Not evaluated","N/A - No DWSRF",0,"0",NA,NA,NA,NA,NA,NA,NA,NA,NA,NA,"Data Not Available","Data Not Available","Data Not Available","Data Not Available","Data Not Available","Data Not Available","Data Not Available","Data Not Available","	
https://echo.epa.gov/detailed-facility-report?fid=110012940336"
"530","BIE CHEMAWA INDIAN SCHOOL","104101132","110013239762","Region 10","0","SALEM","Data not available","","000","047","Tribal","EPA Region 10","Community water system","Federal government","Y","N","Groundwater",320,"<=500",8,"2026Q2",0,"0",0,"0","No HBV Identified",0,"0","No HBV Identified",0,"0",0,"0",3,"1-5",0,"0","N",0,"0",0,"0","Reported all required service line types",0,0,0,7,7,"N","Data Not Available",NA,"N",4850700-05-14,"N","Sanitary Survey, Complete","Y","Y","Significant deficiencies","No deficiencies or recommendations","Not Applicable","No deficiencies or recommendations","Not Applicable","No deficiencies or recommendations","No deficiencies or recommendations","No deficiencies or recommendations","Significant deficiencies","No deficiencies or recommendations","Not Applicable","N/A - No DWSRF",0,"0",NA,NA,NA,NA,NA,NA,NA,NA,NA,NA,"Data Not Available","Data Not Available","Data Not Available","Data Not Available","Data Not Available","Data Not Available","Data Not Available","Data Not Available","	
https://echo.epa.gov/detailed-facility-report?fid=110013239762"
"531","BIA CELILO VILLAGE","104101133","110012949523","Region 10","0","","Data not available","","000","065","Tribal","EPA Region 10","Community water system","Federal government","N","N","Groundwater",75,"<=500",17,"2026Q2",0,"0",0,"0","No HBV Identified",0,"0","No HBV Identified",0,"0",0,"0",2,"1-5",0,"0","N",0,"0",0,"0","Reported all required service line types",0,0,0,17,17,"N","Data Not Available",NA,"N",4813787-11-26,"N","Sanitary Survey, Complete","Y","N","Recommendations made","No deficiencies or recommendations","Not Applicable","No deficiencies or recommendations","Not Applicable","No deficiencies or recommendations","No deficiencies or recommendations","No deficiencies or recommendations","Significant deficiencies","No deficiencies or recommendations","Not Applicable","N/A - No DWSRF",0,"0",NA,NA,NA,NA,NA,NA,NA,NA,NA,NA,"Data Not Available","Data Not Available","Data Not Available","Data Not Available","Data Not Available","Data Not Available","Data Not Available","Data Not Available","	
https://echo.epa.gov/detailed-facility-report?fid=110012949523"
"901","TEZDLENDE ESTATES AND WATERING POINT","AK2291279","110012964569","Region 10","0","GLENNALLEN","Valdez-Cordova Census Area","","000","261","State","Alaska","Community water system","Tribal Government","N","N","Groundwater",75,"<=500",10,"2026Q2",3,"1-10",2,"1-5","Ground Water Rule",1,"1-5","Ground Water Rule",0,"0",0,"0",1,"1-5",0,"0","N",0,"0",0,"0","Reported all required service line types",0,0,0,12,12,"N","Data Not Available",NA,"N",4629747-12-26,"N","Sanitary Survey, Complete","N","N","Recommendations made","Recommendations made","Record Not Available or Not Reported to EPA","No deficiencies or recommendations","Record Not Available or Not Reported to EPA","No deficiencies or recommendations","No deficiencies or recommendations","No deficiencies or recommendations","No deficiencies or recommendations","Minor deficiencies","Record Not Available or Not Reported to EPA","N/A - No DWSRF",0,"0",NA,NA,NA,NA,NA,NA,NA,NA,NA,NA,"Data Not Available","Data Not Available","Data Not Available","Data Not Available","Data Not Available","Data Not Available","Data Not Available","Data Not Available","	
https://echo.epa.gov/detailed-facility-report?fid=110012964569"
"903","KENNY LAKE COMMUNITY WELL","AK2291596","110012964685","Region 10","0","COPPER CENTER","Valdez-Cordova Census Area","","000","261","State","Alaska","Community water system","Local government","N","N","Groundwater",236,"<=500",1,"2026Q2",0,"0",0,"0","No HBV Identified",0,"0","No HBV Identified",0,"0",0,"0",4,"1-5",0,"0","N",0,"0",0,"0","Reported all required service line types",0,0,0,1,1,"N","Data Not Available",NA,"N",4813314-10-17,"N","Sanitary Survey, Complete","N","N","Recommendations made","Recommendations made","Record Not Available or Not Reported to EPA","No deficiencies or recommendations","Record Not Available or Not Reported to EPA","No deficiencies or recommendations","No deficiencies or recommendations","Recommendations made","No deficiencies or recommendations","No deficiencies or recommendations","Record Not Available or Not Reported to EPA","N/A - No DWSRF",0,"0",NA,NA,NA,NA,NA,NA,NA,NA,NA,NA,"Data Not Available","Data Not Available","Data Not Available","Data Not Available","Data Not Available","Data Not Available","Data Not Available","Data Not Available","	
https://echo.epa.gov/detailed-facility-report?fid=110012964685"
"906","CRBRHA MCKINLEY BLDG WATER SUPPLY","AK2292186","110012964872","Region 10","0","COPPER CENTER","Valdez-Cordova Census Area","","000","261","State","Alaska","Community water system","Private","N","N","Groundwater",30,"<=500",1,"2026Q2",0,"0",0,"0","No HBV Identified",0,"0","No HBV Identified",0,"0",0,"0",1,"1-5",0,"0","N",0,"0",0,"0","Reported all required service line types",0,0,0,1,1,"N","Data Not Available",NA,"N",4743777-06-06,"N","Sanitary Survey, Complete","N","N","Recommendations made","Recommendations made","No deficiencies or recommendations","No deficiencies or recommendations","No deficiencies or recommendations","No deficiencies or recommendations","No deficiencies or recommendations","No deficiencies or recommendations","No deficiencies or recommendations","No deficiencies or recommendations","No deficiencies or recommendations","N/A - No DWSRF",0,"0",NA,NA,NA,NA,NA,NA,NA,NA,NA,NA,"Data Not Available","Data Not Available","Data Not Available","Data Not Available","Data Not Available","Data Not Available","Data Not Available","Data Not Available","	
https://echo.epa.gov/detailed-facility-report?fid=110012964872"
"907","KENNY LAKE FIRE HALL","AK2292330","110013242044","Region 10","0","COPPER CENTER","Valdez-Cordova Census Area","","000","261","State","Alaska","Community water system","Private","N","N","Groundwater",200,"<=500",1,"2026Q2",0,"0",0,"0","No HBV Identified",0,"0","No HBV Identified",0,"0",0,"0",4,"1-5",0,"0","N",0,"0",0,"0","Reported all required service line types",0,0,0,1,1,"N","Data Not Available",NA,"N",4813314-10-17,"N","Sanitary Survey, Complete","N","N","Recommendations made","Recommendations made","Record Not Available or Not Reported to EPA","No deficiencies or recommendations","Record Not Available or Not Reported to EPA","No deficiencies or recommendations","No deficiencies or recommendations","No deficiencies or recommendations","No deficiencies or recommendations","No deficiencies or recommendations","Record Not Available or Not Reported to EPA","N/A - No DWSRF",0,"0",NA,NA,NA,NA,NA,NA,NA,NA,NA,NA,"Data Not Available","Data Not Available","Data Not Available","Data Not Available","Data Not Available","Data Not Available","Data Not Available","Data Not Available","	
https://echo.epa.gov/detailed-facility-report?fid=110013242044"
"911","CRBRHA CHITINA HUD HOUSING","AK2299001","110012965014","Region 10","0","COPPER CENTER","Valdez-Cordova Census Area","","000","261","State","Alaska","Community water system","Public/Private","N","N","Groundwater",50,"<=500",4,"2026Q2",0,"0",0,"0","No HBV Identified",0,"0","No HBV Identified",0,"0",0,"0",0,"0",0,"0","N",0,"0",0,"0","Reported all required service line types",0,0,0,7,7,"N","Data Not Available",NA,"N",4743777-06-06,"N","Sanitary Survey, Complete","N","N","Recommendations made","No deficiencies or recommendations","No deficiencies or recommendations","No deficiencies or recommendations","No deficiencies or recommendations","No deficiencies or recommendations","Recommendations made","No deficiencies or recommendations","No deficiencies or recommendations","No deficiencies or recommendations","No deficiencies or recommendations","N/A - No DWSRF",0,"0",NA,NA,NA,NA,NA,NA,NA,NA,NA,NA,"Data Not Available","Data Not Available","Data Not Available","Data Not Available","Data Not Available","Data Not Available","Data Not Available","Data Not Available","	
https://echo.epa.gov/detailed-facility-report?fid=110012965014"
"912","CRNA WATER HAUL TRUCK","AK2299027","110050978607","Region 10","0","COPPER CENTER","Valdez-Cordova Census Area","","000","261","State","Alaska","Community water system","Tribal Government","N","N","Groundwater",40,"<=500",1,"2026Q2",0,"0",0,"0","No HBV Identified",0,"0","No HBV Identified",0,"0",0,"0",2,"1-5",0,"0","N",0,"0",0,"0","Did not report any required service line types",NA,NA,NA,NA,NA,"N","Data Not Available",NA,"N",4684628-10-13,"N","Sanitary Survey, Complete","Y","N","No deficiencies or recommendations","No deficiencies or recommendations","Record Not Available or Not Reported to EPA","No deficiencies or recommendations","Record Not Available or Not Reported to EPA","No deficiencies or recommendations","No deficiencies or recommendations","No deficiencies or recommendations","Significant deficiencies","No deficiencies or recommendations","Record Not Available or Not Reported to EPA","N/A - No DWSRF",0,"0",NA,NA,NA,NA,NA,NA,NA,NA,NA,NA,"Data Not Available","Data Not Available","Data Not Available","Data Not Available","Data Not Available","Data Not Available","Data Not Available","Data Not Available","	
https://echo.epa.gov/detailed-facility-report?fid=110050978607"
"6873","CORNWALL WATER COMPANY","CT0311011","110013186649","Region 1","0","CORNWALL","Litchfield","","000","005","State","Connecticut","Community water system","Private","N","N","Groundwater",48,"<=500",11,"2026Q2",8,"1-10",1,"1-5","Lead and Copper Rule Revisions",1,"1-5","Lead and Copper Rule Revisions",6,"6-10",8,"6-10",10,"6-10",1,"1-5","N",0,"0",0,"0","Did not report any required service line types",NA,NA,NA,NA,NA,"Y","Data Not Available",NA,"N",4748745-02-02,"N","Sanitary Survey, Complete","Y","N","Minor deficiencies","Significant deficiencies","No deficiencies or recommendations","No deficiencies or recommendations","Recommendations made","No deficiencies or recommendations","No deficiencies or recommendations","Not Applicable","Recommendations made","Minor deficiencies","Not Applicable","N/A - No DWSRF",0,"0",NA,NA,NA,NA,NA,NA,NA,NA,NA,NA,"Data Not Available","Data Not Available","Data Not Available","Data Not Available","Data Not Available","Data Not Available","Data Not Available","Data Not Available","	
https://echo.epa.gov/detailed-facility-report?fid=110013186649"
"6901","RIDGEWOOD HILLS ASSOCIATION SYSTEM 1","CT0361011","110012885690","Region 1","0","DEEP RIVER","Middlesex","","000","007","State","Connecticut","Community water system","Private","N","N","Groundwater",36,"<=500",6,"2026Q2",2,"1-10",1,"1-5","Lead and Copper Rule Revisions",1,"1-5","Lead and Copper Rule Revisions",0,"0",2,"1-5",3,"1-5",0,"0","Y",1,"1-3",0,"0","Reported all required service line types",0,0,0,4,4,"Y","Data Not Available",NA,"N",4735724-09-12,"N","Sanitary Survey, Complete","N","N","Minor deficiencies","Minor deficiencies","Minor deficiencies","Not Applicable","Recommendations made","No deficiencies or recommendations","No deficiencies or recommendations","No deficiencies or recommendations","Not Applicable","Recommendations made","No deficiencies or recommendations","N/A - No DWSRF",0,"0",NA,NA,NA,NA,NA,NA,NA,NA,NA,NA,"Data Not Available","Data Not Available","Data Not Available","Data Not Available","Data Not Available","Data Not Available","Data Not Available","Data Not Available","	
https://echo.epa.gov/detailed-facility-report?fid=110012885690"
"6904","YESHIVA OF WATERBURY-DURHAM CAMPUS","CT0380041","110011905910","Region 1","0","DURHAM","Middlesex","","000","007","State","Connecticut","Community water system","Private","Y","N","Groundwater",490,"<=500",19,"2026Q2",3,"1-10",1,"1-5","Lead and Copper Rule Revisions",2,"1-5","Lead and Copper Rule Revisions | Revised Total Coliform Rule",1,"1-5",9,"6-10",12,"11-15",0,"0","N",0,"0",0,"0","Reported all required service line types",0,0,0,19,19,"N","Data Not Available",NA,"N",4689359-11-20,"N","Sanitary Survey, Complete","Y","N","Minor deficiencies","Minor deficiencies","No deficiencies or recommendations","No deficiencies or recommendations","Recommendations made","No deficiencies or recommendations","No deficiencies or recommendations","Significant deficiencies","Recommendations made","Minor deficiencies","No deficiencies or recommendations","No",1,"1-5",NA,NA,NA,NA,NA,NA,NA,NA,NA,NA,"Data Not Available","Data Not Available","Data Not Available","Data Not Available","Data Not Available","Data Not Available","Data Not Available","Data Not Available","	
https://echo.epa.gov/detailed-facility-report?fid=110011905910"
"6918","31 GRIST MILL RD","CT0419221","110067319752","Region 1","0","EAST HADDAM","Middlesex","","000","007","State","Connecticut","Community water system","Private","N","N","Groundwater",30,"<=500",14,"2026Q2",2,"1-10",1,"1-5","Lead and Copper Rule Revisions",1,"1-5","Lead and Copper Rule Revisions",0,"0",2,"1-5",4,"1-5",0,"0","N",0,"0",0,"0","Reported all required service line types",0,0,0,14,14,"Y","Data Not Available",NA,"N",4686048-02-11,"N","Sanitary Survey, Complete","N","N","Minor deficiencies","No deficiencies or recommendations","Minor deficiencies","Not Applicable","Recommendations made","No deficiencies or recommendations","No deficiencies or recommendations","Not Applicable","Not Applicable","No deficiencies or recommendations","Not Applicable","N/A - No DWSRF",0,"0",NA,NA,NA,NA,NA,NA,NA,NA,NA,NA,"Data Not Available","Data Not Available","Data Not Available","Data Not Available","Data Not Available","Data Not Available","Data Not Available","Data Not Available","	
https://echo.epa.gov/detailed-facility-report?fid=110067319752"
"6935","WINDSORVILLE WATER ASSOCIATION","CT0470031","110050010162","Region 1","0","EAST WINDSOR","Hartford","","000","003","State","Connecticut","Community water system","Private","N","N","Groundwater",29,"<=500",13,"2026Q2",243,">30",0,"0","No HBV Identified",0,"0","No HBV Identified",2,"1-5",2,"1-5",6,"6-10",0,"0","N",0,"0",0,"0","Did not report any required service line types",NA,NA,NA,NA,NA,"Y","Data Not Available",NA,"N",NA,"Y","Record Not Available or Not Reported to EPA","Record Not Available or Not Reported to EPA","Record Not Available or Not Reported to EPA","Record Not Available or Not Reported to EPA","Record Not Available or Not Reported to EPA","Record Not Available or Not Reported to EPA","Record Not Available or Not Reported to EPA","Record Not Available or Not Reported to EPA","Record Not Available or Not Reported to EPA","Record Not Available or Not Reported to EPA","Record Not Available or Not Reported to EPA","Record Not Available or Not Reported to EPA","Record Not Available or Not Reported to EPA","Record Not Available or Not Reported to EPA","N/A - No DWSRF",0,"0",NA,NA,NA,NA,NA,NA,NA,NA,NA,NA,"Data Not Available","Data Not Available","Data Not Available","Data Not Available","Data Not Available","Data Not Available","Data Not Available","Data Not Available","	
https://echo.epa.gov/detailed-facility-report?fid=110050010162"
"7027","CTWC - UCONN HUNTING LODGE DIV.","CT0787101","110070785870","Region 1","0","MANSFIELD","Tolland","","000","013","State","Connecticut","Community water system","Private","N","N","Surface water",234,"<=500",68,"2026Q2",0,"0",0,"0","No HBV Identified",0,"0","No HBV Identified",0,"0",0,"0",0,"0",0,"0","N",0,"0",0,"0","Reported all required service line types",0,0,66,5,71,"N","Data Not Available",NA,"N",4703316-08-22,"N","Sanitary Survey, Complete","N","N","Minor deficiencies","Minor deficiencies","No deficiencies or recommendations","Not Applicable","No deficiencies or recommendations","No deficiencies or recommendations","No deficiencies or recommendations","Not Applicable","Not Applicable","No deficiencies or recommendations","No deficiencies or recommendations","N/A - No DWSRF",0,"0",NA,NA,NA,NA,NA,NA,NA,NA,NA,NA,"Data Not Available","Data Not Available","Data Not Available","Data Not Available","Data Not Available","Data Not Available","Data Not Available","Data Not Available","	
https://echo.epa.gov/detailed-facility-report?fid=110070785870"
"7047","27 MAPLE DRIVE","CT0859071","110050019877","Region 1","0","MONROE","Fairfield","","000","001","State","Connecticut","Community water system","Private","N","N","Groundwater",38,"<=500",16,"2026Q2",0,"0",0,"0","No HBV Identified",0,"0","No HBV Identified",0,"0",2,"1-5",4,"1-5",0,"0","N",0,"0",0,"0","Reported all required service line types",0,0,0,7,7,"Y","Data Not Available",NA,"N",4630221-02-04,"N","Sanitary Survey, Complete","N","N","Minor deficiencies","Minor deficiencies","Minor deficiencies","Not Applicable","Recommendations made","No deficiencies or recommendations","No deficiencies or recommendations","Not Applicable","No deficiencies or recommendations","Minor deficiencies","Not Applicable","N/A - No DWSRF",0,"0",NA,NA,NA,NA,NA,NA,NA,NA,NA,NA,"Data Not Available","Data Not Available","Data Not Available","Data Not Available","Data Not Available","Data Not Available","Data Not Available","Data Not Available","	
https://echo.epa.gov/detailed-facility-report?fid=110050019877"
"7103","AQUARION-LAUREL RIDGE","CT0960221","110070777267","Region 1","0","NEW MILFORD","Litchfield","","000","005","State","Connecticut","Community water system","Private","N","N","Groundwater",80,"<=500",28,"2026Q2",0,"0",0,"0","No HBV Identified",0,"0","No HBV Identified",0,"0",0,"0",0,"0",0,"0","N",0,"0",0,"0","Reported all required service line types",0,0,0,28,28,"N","Data Not Available",NA,"Y",4611533-03-28,"N","Sanitary Survey, Complete","N","N","No deficiencies or recommendations","No deficiencies or recommendations","No deficiencies or recommendations","Not Applicable","Recommendations made","No deficiencies or recommendations","No deficiencies or recommendations","No deficiencies or recommendations","No deficiencies or recommendations","Minor deficiencies","No deficiencies or recommendations","N/A - No DWSRF",0,"0",NA,NA,NA,NA,NA,NA,NA,NA,NA,NA,"Data Not Available","Data Not Available","Data Not Available","Data Not Available","Data Not Available","Data Not Available","Data Not Available","Data Not Available","	
https://echo.epa.gov/detailed-facility-report?fid=110070777267"
"7133","AQUARION-OXFORD TOWNE CENTER","CT1085061","110070777260","Region 1","0","OXFORD","New Haven","","000","009","State","Connecticut","Community water system","Private","N","N","Groundwater",449,"<=500",22,"2026Q2",0,"0",0,"0","No HBV Identified",0,"0","No HBV Identified",0,"0",1,"1-5",1,"1-5",0,"0","N",0,"0",0,"0","Reported all required service line types",0,0,0,24,24,"N","Data Not Available",NA,"N",4441450-01-27,"Y","Sanitary Survey, Complete","N","N","No deficiencies or recommendations","No deficiencies or recommendations","No deficiencies or recommendations","Not Applicable","Recommendations made","No deficiencies or recommendations","No deficiencies or recommendations","Not Applicable","Not Applicable","No deficiencies or recommendations","Not Applicable","N/A - No DWSRF",0,"0",NA,NA,NA,NA,NA,NA,NA,NA,NA,NA,"Data Not Available","Data Not Available","Data Not Available","Data Not Available","Data Not Available","Data Not Available","Data Not Available","Data Not Available","	
https://echo.epa.gov/detailed-facility-report?fid=110070777260"
"7151","SOLANO INN LLC","CT1130064","110049996894","Region 1","0","PORTLAND","Middlesex","","000","007","State","Connecticut","Community water system","Private","N","N","Groundwater",96,"<=500",13,"2026Q2",2,"1-10",1,"1-5","Lead and Copper Rule Revisions",1,"1-5","Lead and Copper Rule Revisions",0,"0",1,"1-5",1,"1-5",0,"0","N",0,"0",0,"0","Reported all required service line types",0,0,0,13,13,"N","Data Not Available",NA,"N",4767196-05-23,"N","Sanitary Survey, Complete","N","N","No deficiencies or recommendations","No deficiencies or recommendations","No deficiencies or recommendations","Not Applicable","Recommendations made","No deficiencies or recommendations","Recommendations made","Not Applicable","Recommendations made","No deficiencies or recommendations","No deficiencies or recommendations","N/A - No DWSRF",0,"0",NA,NA,NA,NA,NA,NA,NA,NA,NA,NA,"Data Not Available","Data Not Available","Data Not Available","Data Not Available","Data Not Available","Data Not Available","Data Not Available","Data Not Available","	
https://echo.epa.gov/detailed-facility-report?fid=110049996894"
"7163","APPLE REHAB","CT1190021","110071196970","Region 1","0","ROCKY HILL","Hartford","","000","003","State","Connecticut","Community water system","Private","N","N","Surface water",238,"<=500",1,"2026Q2",7,"1-10",1,"1-5","Lead and Copper Rule Revisions",1,"1-5","Lead and Copper Rule Revisions",1,"1-5",2,"1-5",5,"1-5",0,"0","N",0,"0",0,"0","Reported all required service line types",0,0,0,1,1,"N","Data Not Available",NA,"N",4749691-04-23,"N","Sanitary Survey, Complete","N","N","No deficiencies or recommendations","No deficiencies or recommendations","No deficiencies or recommendations","Not Applicable","Recommendations made","No deficiencies or recommendations","No deficiencies or recommendations","No deficiencies or recommendations","Not Applicable","Recommendations made","No deficiencies or recommendations","N/A - No DWSRF",0,"0",NA,NA,NA,NA,NA,NA,NA,NA,NA,NA,"Data Not Available","Data Not Available","Data Not Available","Data Not Available","Data Not Available","Data Not Available","Data Not Available","Data Not Available","	
https://echo.epa.gov/detailed-facility-report?fid=110071196970"
"11007","IA REGIONAL UTILITIES ASSOC (WAVERLY)","IA0990701","110053949554","Region 7","0","WAVERLY","Black Hawk; Bremer; Butler; Grundy; Hardin; Jasper; Marshall; Story","","000","013; 017; 023; 075; 083; 099; 127; 169","State","Iowa","Community water system","Private","N","N","Groundwater",37820,"10,001-100,000",15334,"2026Q2",0,"0",0,"0","No HBV Identified",0,"0","No HBV Identified",0,"0",0,"0",0,"0",0,"0","N",0,"0",0,"0","Reported all required service line types",0,0,6096,10428,16524,"N","Data Not Available",NA,"Y",4656252-01-08,"N","Sanitary Survey, Complete","N","N","Recommendations made","Minor deficiencies","Not evaluated","No deficiencies or recommendations","Not evaluated","No deficiencies or recommendations","Recommendations made","Recommendations made","Recommendations made","Recommendations made","Not evaluated","N/A - No DWSRF",0,"0",NA,NA,NA,NA,NA,NA,NA,NA,NA,NA,"Data Not Available","Data Not Available","Data Not Available","Data Not Available","Data Not Available","Data Not Available","Data Not Available","Data Not Available","	
https://echo.epa.gov/detailed-facility-report?fid=110053949554"
"11112","IOWA LAKES REGIONAL WATER","IA2100701","110013110908","Region 7","0","SPENCER","Buena Vista; Clay","","000","021; 041","State","Iowa","Community water system","Private","N","N","Groundwater",6755,"3,301-10,000",2541,"2026Q2",0,"0",0,"0","No HBV Identified",0,"0","No HBV Identified",0,"0",0,"0",0,"0",0,"0","N",0,"0",0,"0","Reported all required service line types",0,0,491,1793,2284,"N","Data Not Available",NA,"N",4796755-12-07,"N","Sanitary Survey, Complete","N","N","No deficiencies or recommendations","Minor deficiencies","Not evaluated","No deficiencies or recommendations","Not evaluated","No deficiencies or recommendations","No deficiencies or recommendations","No deficiencies or recommendations","No deficiencies or recommendations","Recommendations made","Not evaluated","No",2,"1-5",NA,NA,NA,NA,NA,NA,NA,NA,NA,NA,"Data Not Available","Data Not Available","Data Not Available","Data Not Available","Data Not Available","Data Not Available","Data Not Available","Data Not Available","	
https://echo.epa.gov/detailed-facility-report?fid=110013110908"
"11781","SIRWA #2 (CRESTON)","IA8080701","110013090305","Region 7","0","CRESTON","Adair; Adams; Clarke; Decatur; Madison; Ringgold; Taylor; Union","","000","001; 003; 039; 053; 121; 159; 173; 175","State","Iowa","Community water system","Private","N","N","Surface water",20793,"10,001-100,000",8317,"2026Q2",0,"0",0,"0","No HBV Identified",0,"0","No HBV Identified",0,"0",0,"0",0,"0",0,"0","N",0,"0",0,"0","Reported all required service line types",0,0,0,10040,10040,"N","Data Not Available",NA,"N",4792261-05-20,"N","Sanitary Survey, Complete","N","N","Recommendations made","Recommendations made","Not evaluated","No deficiencies or recommendations","Not evaluated","No deficiencies or recommendations","Recommendations made","No deficiencies or recommendations","No deficiencies or recommendations","Recommendations made","Not evaluated","N/A - No DWSRF",0,"0",NA,NA,NA,NA,NA,NA,NA,NA,NA,NA,"Data Not Available","Data Not Available","Data Not Available","Data Not Available","Data Not Available","Data Not Available","Data Not Available","Data Not Available","	
https://echo.epa.gov/detailed-facility-report?fid=110013090305"
"11903","WAPELLO RURAL WATER ASSOC.","IA9000742","110013087925","Region 7","0","OTTUMWA","Jefferson; Keokuk; Wapello; Washington","","000","101; 107; 179; 183","State","Iowa","Community water system","Private","N","N","Surface water",17263,"10,001-100,000",7560,"2026Q2",0,"0",0,"0","No HBV Identified",0,"0","No HBV Identified",0,"0",0,"0",0,"0",0,"0","N",0,"0",0,"0","Reported all required service line types",0,0,846,6765,7611,"N","Data Not Available",NA,"Y",4796992-06-26,"N","Sanitary Survey, Complete","N","N","No deficiencies or recommendations","Recommendations made","Not evaluated","Recommendations made","Not evaluated","No deficiencies or recommendations","Recommendations made","Minor deficiencies","Recommendations made","Recommendations made","Not evaluated","N/A - No DWSRF",0,"0",NA,NA,NA,NA,NA,NA,NA,NA,NA,NA,"Data Not Available","Data Not Available","Data Not Available","Data Not Available","Data Not Available","Data Not Available","Data Not Available","Data Not Available","	
https://echo.epa.gov/detailed-facility-report?fid=110013087925"
"21441","NODAWAY CO EAST PWSD 1","MO1070639","110013064147","Region 7","0","GRANT CITY; STANBERRY","Gentry; Worth","","000","075; 227","State","Missouri","Community water system","Private","N","Y","Surface water",25,"<=500",2,"2026Q2",0,"0",0,"0","No HBV Identified",0,"0","No HBV Identified",0,"0",0,"0",0,"0",0,"0","N",0,"0",0,"0","Reported all required service line types",0,0,0,0,0,"N","Data Not Available",NA,"N",4774046-08-20,"N","Sanitary Survey, Complete","N","N","No deficiencies or recommendations","No deficiencies or recommendations","No deficiencies or recommendations","Recommendations made","Not Applicable","No deficiencies or recommendations","No deficiencies or recommendations","No deficiencies or recommendations","Recommendations made","No deficiencies or recommendations","No deficiencies or recommendations","N/A - No DWSRF",0,"0",NA,NA,NA,NA,NA,NA,NA,NA,NA,NA,"Data Not Available","Data Not Available","Data Not Available","Data Not Available","Data Not Available","Data Not Available","Data Not Available","Data Not Available","	
https://echo.epa.gov/detailed-facility-report?fid=110013064147"
"21442","TRI COUNTY WATER AUTHORITY","MO1071079","110000554436","Region 7","0","","Bates; Cass; Jackson","","000","013; 037; 095","State","Missouri","Community water system","Local government","N","Y","Groundwater",25,"<=500",31,"2026Q2",0,"0",0,"0","No HBV Identified",0,"0","No HBV Identified",0,"0",0,"0",0,"0",0,"0","N",0,"0",0,"0","Reported all required service line types",0,0,0,0,0,"N","Data Not Available",NA,"N",4777594-12-18,"N","Sanitary Survey, Complete","Y","N","No deficiencies or recommendations","Significant deficiencies","No deficiencies or recommendations","No deficiencies or recommendations","No deficiencies or recommendations","No deficiencies or recommendations","No deficiencies or recommendations","No deficiencies or recommendations","No deficiencies or recommendations","No deficiencies or recommendations","No deficiencies or recommendations","No",2,"1-5",NA,NA,NA,NA,NA,NA,NA,NA,NA,NA,"Data Not Available","Data Not Available","Data Not Available","Data Not Available","Data Not Available","Data Not Available","Data Not Available","Data Not Available","	
https://echo.epa.gov/detailed-facility-report?fid=110000554436"
"21443","GREAT NORTHWEST WHOLESALE WATER COMMISS","MO1071603","MO1071603","Region 7","0","MARYVILLE","Andrew; Atchison; Buchanan; Caldwell; Clinton; Daviess; DeKalb; Gentry; Harrison; Holt; Nodaway","","000","003; 005; 021; 025; 049; 061; 063; 075; 081; 087; 147","State","Missouri","Community water system","Local government","N","Y","Groundwater",25,"<=500",3,"2026Q2",0,"0",0,"0","No HBV Identified",0,"0","No HBV Identified",0,"0",0,"0",0,"0",0,"0","N",0,"0",0,"0","Did not report any required service line types",NA,NA,NA,NA,NA,"N","Data Not Available",NA,"N",NA,"Y","Record Not Available or Not Reported to EPA","Record Not Available or Not Reported to EPA","Record Not Available or Not Reported to EPA","Record Not Available or Not Reported to EPA","Record Not Available or Not Reported to EPA","Record Not Available or Not Reported to EPA","Record Not Available or Not Reported to EPA","Record Not Available or Not Reported to EPA","Record Not Available or Not Reported to EPA","Record Not Available or Not Reported to EPA","Record Not Available or Not Reported to EPA","Record Not Available or Not Reported to EPA","Record Not Available or Not Reported to EPA","Record Not Available or Not Reported to EPA","N/A - No DWSRF",0,"0",NA,NA,NA,NA,NA,NA,NA,NA,NA,NA,"Data Not Available","Data Not Available","Data Not Available","Data Not Available","Data Not Available","Data Not Available","Data Not Available","Data Not Available","	
https://echo.epa.gov/detailed-facility-report?fid=MO1071603"
"22011","LAKE HANNA ASSN","MO4242474","110050691881","Region 7","0","","Iron; St. Francois","","000","093; 187","State","Missouri","Community water system","Private","N","N","Groundwater",120,"<=500",7,"2026Q2",0,"0",0,"0","No HBV Identified",0,"0","No HBV Identified",0,"0",0,"0",0,"0",0,"0","N",0,"0",0,"0","Did not report any required service line types",NA,NA,NA,NA,NA,"N","Data Not Available",NA,"N",4426310-07-18,"Y","Sanitary Survey, Complete","Y","N","Minor deficiencies","Significant deficiencies","No deficiencies or recommendations","Not Applicable","Not Applicable","No deficiencies or recommendations","No deficiencies or recommendations","Not Applicable","No deficiencies or recommendations","Significant deficiencies","No deficiencies or recommendations","N/A - No DWSRF",0,"0",NA,NA,NA,NA,NA,NA,NA,NA,NA,NA,"Data Not Available","Data Not Available","Data Not Available","Data Not Available","Data Not Available","Data Not Available","Data Not Available","Data Not Available","	
https://echo.epa.gov/detailed-facility-report?fid=110050691881"
"22250","SUNSHINE ESTATES","MO5031606","110048009043","Region 7","0","BUFFALO","Dallas; Polk","","000","059; 167","State","Missouri","Community water system","Private","N","N","Groundwater",48,"<=500",28,"2026Q2",0,"0",0,"0","No HBV Identified",0,"0","No HBV Identified",0,"0",1,"1-5",1,"1-5",0,"0","N",0,"0",0,"0","Reported all required service line types",0,0,0,72,72,"N","Data Not Available",NA,"N",4850700-05-14,"N","Sanitary Survey, Complete","Y","N","Minor deficiencies","Recommendations made","Recommendations made","Recommendations made","Not Applicable","No deficiencies or recommendations","No deficiencies or recommendations","No deficiencies or recommendations","Significant deficiencies","No deficiencies or recommendations","Minor deficiencies","N/A - No DWSRF",0,"0",NA,NA,NA,NA,NA,NA,NA,NA,NA,NA,"Data Not Available","Data Not Available","Data Not Available","Data Not Available","Data Not Available","Data Not Available","Data Not Available","Data Not Available","	
https://echo.epa.gov/detailed-facility-report?fid=110048009043"
"22627","Saipan Ice And Water","MP0000004","110013024556","Region 9","0","LOWER BASE","Data not available","","000","020","Territory","Northern Mariana Islands","Community water system","Private","N","Y","Groundwater",3101,"501-3,300",1,"2026Q2",1,"1-10",0,"0","No HBV Identified",0,"0","No HBV Identified",1,"1-5",1,"1-5",1,"1-5",0,"0","N",0,"0",0,"0","Reported all required service line types",0,0,0,1,1,"N","N",NA,"N",4709230-07-09,"N","Sanitary Survey, Complete","Y","N","No deficiencies or recommendations","No deficiencies or recommendations","No deficiencies or recommendations","No deficiencies or recommendations","Not Applicable","No deficiencies or recommendations","No deficiencies or recommendations","No deficiencies or recommendations","Significant deficiencies","No deficiencies or recommendations","Not evaluated","N/A - No DWSRF",0,"0",NA,NA,NA,NA,NA,NA,NA,NA,NA,NA,"Data Not Available","Data Not Available","Data Not Available","Data Not Available","Data Not Available","Data Not Available","Data Not Available","Data Not Available","	
https://echo.epa.gov/detailed-facility-report?fid=110013024556"
"22630","JG Sablan Ice And Water","MP0000027","110013025092","Region 9","0","GARAPAN","Data not available","","000","020","Territory","Northern Mariana Islands","Community water system","Private","N","Y","Groundwater",173,"<=500",1,"2026Q2",2,"1-10",0,"0","No HBV Identified",0,"0","No HBV Identified",0,"0",0,"0",1,"1-5",0,"0","N",0,"0",0,"0","Reported all required service line types",0,0,0,1,1,"N","N",NA,"N",4681326-11-13,"N","Sanitary Survey, Complete","Y","N","No deficiencies or recommendations","Significant deficiencies","Significant deficiencies","No deficiencies or recommendations","Not Applicable","No deficiencies or recommendations","No deficiencies or recommendations","No deficiencies or recommendations","Significant deficiencies","No deficiencies or recommendations","Not evaluated","N/A - No DWSRF",0,"0",NA,NA,NA,NA,NA,NA,NA,NA,NA,NA,"Data Not Available","Data Not Available","Data Not Available","Data Not Available","Data Not Available","Data Not Available","Data Not Available","Data Not Available","	
https://echo.epa.gov/detailed-facility-report?fid=110013025092"
"22631","MSVillagomez Estate","MP0000029","110013025127","Region 9","0","FINA SISU","Data not available","","000","020","Territory","Northern Mariana Islands","Community water system","Private","N","N","Groundwater",66,"<=500",1,"2026Q2",0,"0",0,"0","No HBV Identified",0,"0","No HBV Identified",0,"0",0,"0",2,"1-5",0,"0","N",0,"0",0,"0","Reported all required service line types",0,0,0,19,19,"N","N",NA,"N",4858496-10-29,"N","Sanitary Survey, Complete","Y","Y","Significant deficiencies","No deficiencies or recommendations","No deficiencies or recommendations","No deficiencies or recommendations","Not Applicable","No deficiencies or recommendations","Significant deficiencies","No deficiencies or recommendations","No deficiencies or recommendations","Significant deficiencies","Not evaluated","N/A - No DWSRF",0,"0",NA,NA,NA,NA,NA,NA,NA,NA,NA,NA,"Data Not Available","Data Not Available","Data Not Available","Data Not Available","Data Not Available","Data Not Available","Data Not Available","Data Not Available","	
https://echo.epa.gov/detailed-facility-report?fid=110013025127"
"22634","Pacific Palms","MP0000040","110046964736","Region 9","0","CHALAN KIYA","Data not available","","000","020","Territory","Northern Mariana Islands","Community water system","Private","N","N","Groundwater",56,"<=500",1,"2026Q2",59,">30",0,"0","No HBV Identified",2,"1-5","Ground Water Rule",0,"0",0,"0",4,"1-5",0,"0","N",0,"0",0,"0","Reported all required service line types",0,0,0,2,2,"N","N",NA,"N",4714671-04-16,"N","Sanitary Survey, Complete","N","N","No deficiencies or recommendations","No deficiencies or recommendations","No deficiencies or recommendations","No deficiencies or recommendations","Not Applicable","No deficiencies or recommendations","No deficiencies or recommendations","No deficiencies or recommendations","No deficiencies or recommendations","No deficiencies or recommendations","Not evaluated","N/A - No DWSRF",0,"0",NA,NA,NA,NA,NA,NA,NA,NA,NA,NA,"Data Not Available","Data Not Available","Data Not Available","Data Not Available","Data Not Available","Data Not Available","Data Not Available","Data Not Available","	
https://echo.epa.gov/detailed-facility-report?fid=110046964736"
"22636","Modern Stationary","MP0000053","110013025537","Region 9","0","SAN JOSE","Data not available","","000","020","Territory","Northern Mariana Islands","Community water system","Private","N","N","Groundwater",60,"<=500",3,"2026Q2",0,"0",0,"0","No HBV Identified",1,"1-5","Ground Water Rule",0,"0",0,"0",2,"1-5",0,"0","N",0,"0",0,"0","Reported all required service line types",0,0,0,3,3,"N","N",NA,"N",4684865-05-03,"N","Sanitary Survey, Complete","Y","N","No deficiencies or recommendations","Minor deficiencies","No deficiencies or recommendations","No deficiencies or recommendations","Not Applicable","No deficiencies or recommendations","No deficiencies or recommendations","No deficiencies or recommendations","Significant deficiencies","No deficiencies or recommendations","Not evaluated","N/A - No DWSRF",0,"0",NA,NA,NA,NA,NA,NA,NA,NA,NA,NA,"Data Not Available","Data Not Available","Data Not Available","Data Not Available","Data Not Available","Data Not Available","Data Not Available","Data Not Available","	
https://echo.epa.gov/detailed-facility-report?fid=110013025537"
"22637","The Water Company","MP0000063","110013025742","Region 9","0","LOWER BASE","Data not available","","000","020","Territory","Northern Mariana Islands","Community water system","Private","N","Y","Groundwater",310,"<=500",1,"2026Q2",0,"0",0,"0","No HBV Identified",1,"1-5","Ground Water Rule",0,"0",0,"0",3,"1-5",0,"0","N",0,"0",0,"0","Reported all required service line types",0,0,0,1,1,"N","N",NA,"N",4767669-07-02,"N","Sanitary Survey, Complete","N","N","No deficiencies or recommendations","No deficiencies or recommendations","No deficiencies or recommendations","No deficiencies or recommendations","Not Applicable","No deficiencies or recommendations","No deficiencies or recommendations","No deficiencies or recommendations","No deficiencies or recommendations","No deficiencies or recommendations","Not evaluated","N/A - No DWSRF",0,"0",NA,NA,NA,NA,NA,NA,NA,NA,NA,NA,"Data Not Available","Data Not Available","Data Not Available","Data Not Available","Data Not Available","Data Not Available","Data Not Available","Data Not Available","	
https://echo.epa.gov/detailed-facility-report?fid=110013025742"
"22638","Diamond Ice And Water","MP0000064","110012955301","Region 9","0","CAPITAL HILL","Data not available","","000","020","Territory","Northern Mariana Islands","Community water system","Private","N","Y","Groundwater",155,"<=500",1,"2026Q2",0,"0",0,"0","No HBV Identified",0,"0","No HBV Identified",0,"0",0,"0",1,"1-5",0,"0","N",0,"0",0,"0","Reported all required service line types",0,0,0,1,1,"N","N",NA,"N",4698112-06-05,"N","Sanitary Survey, Complete","N","N","No deficiencies or recommendations","No deficiencies or recommendations","No deficiencies or recommendations","No deficiencies or recommendations","Not Applicable","No deficiencies or recommendations","No deficiencies or recommendations","No deficiencies or recommendations","No deficiencies or recommendations","No deficiencies or recommendations","Not evaluated","N/A - No DWSRF",0,"0",NA,NA,NA,NA,NA,NA,NA,NA,NA,NA,"Data Not Available","Data Not Available","Data Not Available","Data Not Available","Data Not Available","Data Not Available","Data Not Available","Data Not Available","	
https://echo.epa.gov/detailed-facility-report?fid=110012955301"
"22639","Tinian Ice And Water","MP0000068","110012955338","Region 9","0","SAN JOSE","Data not available","","000","030","Territory","Northern Mariana Islands","Community water system","Private","N","Y","Groundwater",300,"<=500",1,"2026Q2",0,"0",0,"0","No HBV Identified",0,"0","No HBV Identified",0,"0",0,"0",2,"1-5",0,"0","N",0,"0",0,"0","Reported all required service line types",0,0,0,0,0,"N","N",NA,"N",4810949-03-29,"N","Sanitary Survey, Complete","Y","N","No deficiencies or recommendations","No deficiencies or recommendations","No deficiencies or recommendations","No deficiencies or recommendations","Not Applicable","Significant deficiencies","No deficiencies or recommendations","No deficiencies or recommendations","Significant deficiencies","Significant deficiencies","Not evaluated","N/A - No DWSRF",0,"0",NA,NA,NA,NA,NA,NA,NA,NA,NA,NA,"Data Not Available","Data Not Available","Data Not Available","Data Not Available","Data Not Available","Data Not Available","Data Not Available","Data Not Available","	
https://echo.epa.gov/detailed-facility-report?fid=110012955338"
"22641","Kensington Dormitory","MP0000083","110010677204","Region 9","0","SAN ROQUE","Data not available","","000","020","Territory","Northern Mariana Islands","Community water system","Private","N","N","Groundwater",260,"<=500",1,"2026Q2",38,">30",0,"0","No HBV Identified",0,"0","No HBV Identified",1,"1-5",1,"1-5",1,"1-5",0,"0","N",0,"0",0,"0","Reported all required service line types",0,0,0,1,1,"N","N",NA,"N",4713015-05-28,"N","Sanitary Survey, Complete","Y","Y","Significant deficiencies","Significant deficiencies","No deficiencies or recommendations","No deficiencies or recommendations","Not Applicable","No deficiencies or recommendations","No deficiencies or recommendations","No deficiencies or recommendations","No deficiencies or recommendations","No deficiencies or recommendations","Not evaluated","N/A - No DWSRF",0,"0",NA,NA,NA,NA,NA,NA,NA,NA,NA,NA,"Data Not Available","Data Not Available","Data Not Available","Data Not Available","Data Not Available","Data Not Available","Data Not Available","Data Not Available","	
https://echo.epa.gov/detailed-facility-report?fid=110010677204"
"22643","CK Townhouse","MP0000094","110013022344","Region 9","0","CHALAN KIYA","Data not available","","000","020","Territory","Northern Mariana Islands","Community water system","Private","N","N","Groundwater",46,"<=500",1,"2026Q2",1,"1-10",0,"0","No HBV Identified",0,"0","No HBV Identified",0,"0",0,"0",2,"1-5",0,"0","N",0,"0",0,"0","Reported all required service line types",0,0,0,1,1,"N","N",NA,"N",4774283-03-11,"N","Sanitary Survey, Complete","N","N","No deficiencies or recommendations","No deficiencies or recommendations","No deficiencies or recommendations","No deficiencies or recommendations","Not Applicable","No deficiencies or recommendations","No deficiencies or recommendations","No deficiencies or recommendations","No deficiencies or recommendations","No deficiencies or recommendations","Not evaluated","N/A - No DWSRF",0,"0",NA,NA,NA,NA,NA,NA,NA,NA,NA,NA,"Data Not Available","Data Not Available","Data Not Available","Data Not Available","Data Not Available","Data Not Available","Data Not Available","Data Not Available","	
https://echo.epa.gov/detailed-facility-report?fid=110013022344"
"22646","Star Water","MP0000160","110016615536","Region 9","0","CHALAN LAU LAU","Data not available","","000","020","Territory","Northern Mariana Islands","Community water system","Private","N","N","Groundwater",1522,"501-3,300",1,"2026Q2",1,"1-10",0,"0","No HBV Identified",0,"0","No HBV Identified",1,"1-5",1,"1-5",2,"1-5",0,"0","N",0,"0",0,"0","Reported all required service line types",0,0,0,4,4,"N","N",NA,"N",4699768-04-24,"N","Sanitary Survey, Complete","N","N","No deficiencies or recommendations","No deficiencies or recommendations","No deficiencies or recommendations","No deficiencies or recommendations","Not Applicable","No deficiencies or recommendations","No deficiencies or recommendations","No deficiencies or recommendations","No deficiencies or recommendations","No deficiencies or recommendations","Not evaluated","N/A - No DWSRF",0,"0",NA,NA,NA,NA,NA,NA,NA,NA,NA,NA,"Data Not Available","Data Not Available","Data Not Available","Data Not Available","Data Not Available","Data Not Available","Data Not Available","Data Not Available","	
https://echo.epa.gov/detailed-facility-report?fid=110016615536"
"22647","Marianas Ice And Water","MP0000163","110022499385","Region 9","0","PAPAGO","Data not available","","000","020","Territory","Northern Mariana Islands","Community water system","Private","N","Y","Groundwater",300,"<=500",1,"2026Q2",63,">30",0,"0","No HBV Identified",0,"0","No HBV Identified",1,"1-5",1,"1-5",4,"1-5",0,"0","N",0,"0",0,"0","Reported all required service line types",0,0,0,4,4,"Y","N",NA,"N",4846678-12-05,"N","Sanitary Survey, Complete","Y","N","No deficiencies or recommendations","No deficiencies or recommendations","No deficiencies or recommendations","No deficiencies or recommendations","Not Applicable","No deficiencies or recommendations","No deficiencies or recommendations","No deficiencies or recommendations","Significant deficiencies","Significant deficiencies","Not evaluated","N/A - No DWSRF",0,"0",NA,NA,NA,NA,NA,NA,NA,NA,NA,NA,"Data Not Available","Data Not Available","Data Not Available","Data Not Available","Data Not Available","Data Not Available","Data Not Available","Data Not Available","	
https://echo.epa.gov/detailed-facility-report?fid=110022499385"
"22648","Rota Crystal","MP0000165","110022499394","Region 9","0","SINAPALU","Data not available","","000","","Territory","Northern Mariana Islands","Community water system","Private","N","N","Groundwater",226,"<=500",1,"2026Q2",0,"0",0,"0","No HBV Identified",0,"0","No HBV Identified",0,"0",0,"0",1,"1-5",0,"0","N",0,"0",0,"0","Reported all required service line types",0,0,0,4,4,"N","N",NA,"N",4794390-05-19,"N","Sanitary Survey, Complete","N","N","No deficiencies or recommendations","No deficiencies or recommendations","No deficiencies or recommendations","No deficiencies or recommendations","Not Applicable","No deficiencies or recommendations","No deficiencies or recommendations","No deficiencies or recommendations","No deficiencies or recommendations","No deficiencies or recommendations","Not evaluated","N/A - No DWSRF",0,"0",NA,NA,NA,NA,NA,NA,NA,NA,NA,NA,"Data Not Available","Data Not Available","Data Not Available","Data Not Available","Data Not Available","Data Not Available","Data Not Available","Data Not Available","	
https://echo.epa.gov/detailed-facility-report?fid=110022499394"
"22649","3K Ice And Water Company","MP0000176","110046977385","Region 9","0","SAN JOSE VILLAGE","Data not available","","000","030","Territory","Northern Mariana Islands","Community water system","Private","N","Y","Groundwater",208,"<=500",1,"2026Q2",59,">30",0,"0","No HBV Identified",0,"0","No HBV Identified",0,"0",0,"0",2,"1-5",0,"0","N",0,"0",0,"0","Reported all required service line types",0,0,0,3,3,"N","N",NA,"N",4810949-03-29,"N","Sanitary Survey, Complete","N","N","No deficiencies or recommendations","No deficiencies or recommendations","No deficiencies or recommendations","No deficiencies or recommendations","Not Applicable","No deficiencies or recommendations","No deficiencies or recommendations","No deficiencies or recommendations","No deficiencies or recommendations","No deficiencies or recommendations","Not evaluated","N/A - No DWSRF",0,"0",NA,NA,NA,NA,NA,NA,NA,NA,NA,NA,"Data Not Available","Data Not Available","Data Not Available","Data Not Available","Data Not Available","Data Not Available","Data Not Available","Data Not Available","	
https://echo.epa.gov/detailed-facility-report?fid=110046977385"
"22650","Aqua Water","MP0000177","110046977704","Region 9","0","SAN ANTONIO","Data not available","","000","020","Territory","Northern Mariana Islands","Community water system","Private","N","Y","Groundwater",170,"<=500",1,"2026Q2",1,"1-10",0,"0","No HBV Identified",1,"1-5","Ground Water Rule",0,"0",0,"0",2,"1-5",0,"0","N",0,"0",0,"0","Reported all required service line types",0,0,0,4,4,"N","N",NA,"N",4766013-08-13,"N","Sanitary Survey, Complete","Y","N","No deficiencies or recommendations","Significant deficiencies","No deficiencies or recommendations","No deficiencies or recommendations","Not Applicable","No deficiencies or recommendations","No deficiencies or recommendations","No deficiencies or recommendations","No deficiencies or recommendations","Significant deficiencies","Not evaluated","N/A - No DWSRF",0,"0",NA,NA,NA,NA,NA,NA,NA,NA,NA,NA,"Data Not Available","Data Not Available","Data Not Available","Data Not Available","Data Not Available","Data Not Available","Data Not Available","Data Not Available","	
https://echo.epa.gov/detailed-facility-report?fid=110046977704"
"22651","San Jose Mart Water","MP0000213","110063343387","Region 9","0","SAN JOSE","Data not available","","000","020","Territory","Northern Mariana Islands","Community water system","Private","N","Y","Groundwater",130,"<=500",1,"2026Q2",60,">30",0,"0","No HBV Identified",0,"0","No HBV Identified",1,"1-5",1,"1-5",2,"1-5",0,"0","N",0,"0",0,"0","Reported all required service line types",0,0,0,4,4,"Y","N",NA,"N",4673047-06-09,"N","Sanitary Survey, Complete","Y","N","No deficiencies or recommendations","No deficiencies or recommendations","No deficiencies or recommendations","No deficiencies or recommendations","Not Applicable","No deficiencies or recommendations","No deficiencies or recommendations","Significant deficiencies","No deficiencies or recommendations","No deficiencies or recommendations","Not evaluated","N/A - No DWSRF",0,"0",NA,NA,NA,NA,NA,NA,NA,NA,NA,NA,"Data Not Available","Data Not Available","Data Not Available","Data Not Available","Data Not Available","Data Not Available","Data Not Available","Data Not Available","	
https://echo.epa.gov/detailed-facility-report?fid=110063343387"
"22652","99 Cents Supermart Water","MP0000215","110063343378","Region 9","0","GARAPAN","Data not available","","000","020","Territory","Northern Mariana Islands","Community water system","Private","N","Y","Groundwater",55,"<=500",1,"2026Q2",0,"0",0,"0","No HBV Identified",0,"0","No HBV Identified",0,"0",0,"0",1,"1-5",0,"0","N",0,"0",0,"0","Reported all required service line types",0,0,0,4,4,"N","N",NA,"N",4677541-12-26,"N","Sanitary Survey, Complete","Y","N","No deficiencies or recommendations","No deficiencies or recommendations","No deficiencies or recommendations","No deficiencies or recommendations","Not Applicable","No deficiencies or recommendations","No deficiencies or recommendations","No deficiencies or recommendations","Significant deficiencies","No deficiencies or recommendations","Not evaluated","N/A - No DWSRF",0,"0",NA,NA,NA,NA,NA,NA,NA,NA,NA,NA,"Data Not Available","Data Not Available","Data Not Available","Data Not Available","Data Not Available","Data Not Available","Data Not Available","Data Not Available","	
https://echo.epa.gov/detailed-facility-report?fid=110063343378"
"22653","Xu Sunshine Corp","MP0000218","110067297213","Region 9","0","KOBLERVILLE","Data not available","","000","020","Territory","Northern Mariana Islands","Community water system","Private","N","Y","Groundwater",79,"<=500",1,"2026Q2",65,">30",0,"0","No HBV Identified",0,"0","No HBV Identified",1,"1-5",1,"1-5",6,"6-10",0,"0","N",0,"0",0,"0","Reported all required service line types",0,0,0,1,1,"Y","N",NA,"N",4679670-12-24,"N","Sanitary Survey, Complete","N","N","No deficiencies or recommendations","No deficiencies or recommendations","No deficiencies or recommendations","No deficiencies or recommendations","Not Applicable","No deficiencies or recommendations","No deficiencies or recommendations","No deficiencies or recommendations","No deficiencies or recommendations","No deficiencies or recommendations","Not evaluated","N/A - No DWSRF",0,"0",NA,NA,NA,NA,NA,NA,NA,NA,NA,NA,"Data Not Available","Data Not Available","Data Not Available","Data Not Available","Data Not Available","Data Not Available","Data Not Available","Data Not Available","	
https://echo.epa.gov/detailed-facility-report?fid=110067297213"
"22654","Diamond Water Gualo Rai","MP0000221","110069300296","Region 9","0","GUALO RAI","Data not available","","000","020","Territory","Northern Mariana Islands","Community water system","Private","N","Y","Groundwater",55,"<=500",1,"2026Q2",0,"0",0,"0","No HBV Identified",2,"1-5","Ground Water Rule",0,"0",0,"0",3,"1-5",0,"0","N",0,"0",0,"0","Reported all required service line types",0,0,0,1,1,"N","N",NA,"N",4698112-06-05,"N","Sanitary Survey, Complete","Y","N","No deficiencies or recommendations","Significant deficiencies","No deficiencies or recommendations","No deficiencies or recommendations","Not Applicable","No deficiencies or recommendations","No deficiencies or recommendations","No deficiencies or recommendations","Significant deficiencies","No deficiencies or recommendations","Not evaluated","N/A - No DWSRF",0,"0",NA,NA,NA,NA,NA,NA,NA,NA,NA,NA,"Data Not Available","Data Not Available","Data Not Available","Data Not Available","Data Not Available","Data Not Available","Data Not Available","Data Not Available","	
https://echo.epa.gov/detailed-facility-report?fid=110069300296"
"22655","Afetna Supermarket","MP0000229","110071087252","Region 9","0","AFETNA","Data not available","","000","020","Territory","Northern Mariana Islands","Community water system","Private","N","Y","Groundwater",40,"<=500",1,"2026Q2",0,"0",0,"0","No HBV Identified",1,"1-5","Ground Water Rule",0,"0",0,"0",2,"1-5",0,"0","N",0,"0",0,"0","Reported all required service line types",0,0,0,4,4,"N","N",NA,"N",4677778-07-16,"N","Sanitary Survey, Complete","Y","N","No deficiencies or recommendations","No deficiencies or recommendations","No deficiencies or recommendations","No deficiencies or recommendations","Not Applicable","No deficiencies or recommendations","No deficiencies or recommendations","Significant deficiencies","No deficiencies or recommendations","No deficiencies or recommendations","Not evaluated","N/A - No DWSRF",0,"0",NA,NA,NA,NA,NA,NA,NA,NA,NA,NA,"Data Not Available","Data Not Available","Data Not Available","Data Not Available","Data Not Available","Data Not Available","Data Not Available","Data Not Available","	
https://echo.epa.gov/detailed-facility-report?fid=110071087252"
"22656","Popz Purified Drinking Water","MP0000230","110071700091","Region 9","0","SAIPAN","Data not available","","000","","Territory","Northern Mariana Islands","Community water system","Private","N","N","Groundwater",100,"<=500",1,"2026Q2",6,"1-10",0,"0","No HBV Identified",0,"0","No HBV Identified",4,"1-5",4,"1-5",7,"6-10",0,"0","N",0,"0",0,"0","Reported all required service line types",0,0,0,4,4,"N","N",NA,"N",4638500-07-11,"N","Sanitary Survey, Complete","N","N","No deficiencies or recommendations","No deficiencies or recommendations","No deficiencies or recommendations","No deficiencies or recommendations","Not Applicable","No deficiencies or recommendations","No deficiencies or recommendations","No deficiencies or recommendations","No deficiencies or recommendations","No deficiencies or recommendations","Not evaluated","N/A - No DWSRF",0,"0",NA,NA,NA,NA,NA,NA,NA,NA,NA,NA,"Data Not Available","Data Not Available","Data Not Available","Data Not Available","Data Not Available","Data Not Available","Data Not Available","Data Not Available","	
https://echo.epa.gov/detailed-facility-report?fid=110071700091"
"22657","Tropical Drinking Water","MP0000242","110071196280","Region 9","0","AFETNAS","Data not available","","000","","Territory","Northern Mariana Islands","Community water system","Private","N","Y","Groundwater",47,"<=500",1,"2026Q2",27,"21-30",0,"0","No HBV Identified",1,"1-5","Revised Total Coliform Rule",1,"1-5",5,"1-5",9,"6-10",0,"0","N",0,"0",0,"0","Reported all required service line types",0,0,0,6,6,"Y","N",NA,"N",4756078-04-19,"N","Sanitary Survey, Complete","Y","N","No deficiencies or recommendations","Significant deficiencies","No deficiencies or recommendations","No deficiencies or recommendations","Not Applicable","No deficiencies or recommendations","No deficiencies or recommendations","Significant deficiencies","Significant deficiencies","No deficiencies or recommendations","Not evaluated","N/A - No DWSRF",0,"0",NA,NA,NA,NA,NA,NA,NA,NA,NA,NA,"Data Not Available","Data Not Available","Data Not Available","Data Not Available","Data Not Available","Data Not Available","Data Not Available","Data Not Available","	
https://echo.epa.gov/detailed-facility-report?fid=110071196280"
"22658","Crystal Ice And Water","MP0000244","110071196886","Region 9","0","SAIPAN","Data not available","","000","","Territory","Northern Mariana Islands","Community water system","Private","N","N","Groundwater",30,"<=500",1,"2026Q2",0,"0",0,"0","No HBV Identified",1,"1-5","Ground Water Rule",0,"0",3,"1-5",5,"1-5",0,"0","N",0,"0",0,"0","Reported all required service line types",0,0,0,3,3,"N","N",NA,"N",4762701-11-05,"N","Sanitary Survey, Complete","N","N","No deficiencies or recommendations","No deficiencies or recommendations","No deficiencies or recommendations","No deficiencies or recommendations","Not Applicable","No deficiencies or recommendations","No deficiencies or recommendations","No deficiencies or recommendations","No deficiencies or recommendations","No deficiencies or recommendations","Not evaluated","N/A - No DWSRF",0,"0",NA,NA,NA,NA,NA,NA,NA,NA,NA,NA,"Data Not Available","Data Not Available","Data Not Available","Data Not Available","Data Not Available","Data Not Available","Data Not Available","Data Not Available","	
https://echo.epa.gov/detailed-facility-report?fid=110071196886"
"24344","SPANISH PEAKS MOUNTAIN CLUB","MT0004588","110047795098","Region 8","0","BIG SKY","Gallatin; Madison","","000","031; 057","State","Montana","Community water system","Private","N","N","Groundwater",40,"<=500",232,"2026Q2",0,"0",0,"0","No HBV Identified",0,"0","No HBV Identified",0,"0",0,"0",0,"0",0,"0","N",0,"0",0,"0","Reported all required service line types",0,0,0,224,224,"N","Data Not Available",NA,"N",4812132-01-07,"N","Sanitary Survey, Complete","N","N","No deficiencies or recommendations","No deficiencies or recommendations","No deficiencies or recommendations","No deficiencies or recommendations","Not Applicable","No deficiencies or recommendations","No deficiencies or recommendations","Recommendations made","No deficiencies or recommendations","No deficiencies or recommendations","No deficiencies or recommendations","N/A - No DWSRF",0,"0",NA,NA,NA,NA,NA,NA,NA,NA,NA,NA,"Data Not Available","Data Not Available","Data Not Available","Data Not Available","Data Not Available","Data Not Available","Data Not Available","Data Not Available","	
https://echo.epa.gov/detailed-facility-report?fid=110047795098"
"27311","LOWER REPUBLICAN RWD 1","NE3121196","110048594678","Region 7","0","","Franklin; Nuckolls; Webster","","000","061; 129; 181","State","Nebraska","Community water system","State or Territorial Government","N","N","Groundwater",200,"<=500",186,"2026Q2",0,"0",0,"0","No HBV Identified",0,"0","No HBV Identified",0,"0",0,"0",0,"0",0,"0","N",0,"0",0,"0","Reported all required service line types",7,0,11,68,86,"N","Data Not Available",NA,"N",4626909-04-28,"N","Sanitary Survey, Complete","N","Y","Significant deficiencies","No deficiencies or recommendations","No deficiencies or recommendations","No deficiencies or recommendations","Not Applicable","No deficiencies or recommendations","No deficiencies or recommendations","Not Applicable","No deficiencies or recommendations","No deficiencies or recommendations","No deficiencies or recommendations","N/A - No DWSRF",0,"0",NA,NA,NA,NA,NA,NA,NA,NA,NA,NA,"Data Not Available","Data Not Available","Data Not Available","Data Not Available","Data Not Available","Data Not Available","Data Not Available","Data Not Available","	
https://echo.epa.gov/detailed-facility-report?fid=110048594678"
"27317","WAU COL RWS - EAST SIDE","NE3121337","110048181105","Region 7","0","","Cedar; Knox; Pierce","","000","027; 107; 139","State","Nebraska","Community water system","Local government","N","N","Groundwater",260,"<=500",1,"2026Q2",0,"0",0,"0","No HBV Identified",0,"0","No HBV Identified",0,"0",0,"0",0,"0",0,"0","N",0,"0",0,"0","Did not report any required service line types",NA,NA,NA,NA,NA,"N","Data Not Available",NA,"N",4759390-01-26,"N","Sanitary Survey, Complete","N","N","No deficiencies or recommendations","No deficiencies or recommendations","No deficiencies or recommendations","No deficiencies or recommendations","No deficiencies or recommendations","No deficiencies or recommendations","No deficiencies or recommendations","No deficiencies or recommendations","No deficiencies or recommendations","No deficiencies or recommendations","No deficiencies or recommendations","N/A - No DWSRF",0,"0",NA,NA,NA,NA,NA,NA,NA,NA,NA,NA,"Data Not Available","Data Not Available","Data Not Available","Data Not Available","Data Not Available","Data Not Available","Data Not Available","Data Not Available","	
https://echo.epa.gov/detailed-facility-report?fid=110048181105"
"36558","SUPERACUEDUCTO","PR0002000","110017912491","Region 2","0","SAN JUAN; TOA BAJA","Bayamon Municipio; San Juan Municipio; Toa Alta Municipio","","000","021; 127; 135","Territory","Puerto Rico","Community water system","Local government","N","N","Surface water",25,"<=500",187500,"2026Q2",0,"0",0,"0","No HBV Identified",0,"0","No HBV Identified",0,"0",0,"0",0,"0",0,"0","N",0,"0",0,"0","Reported all required service line types",0,0,0,0,0,"N","Data Not Available",NA,"N",4570619-01-19,"Y","Sanitary Survey, Complete","N","N","Not Applicable","Not Applicable","Not Applicable","Not Applicable","Not Applicable","Not Applicable","Not Applicable","Not Applicable","Not Applicable","Not Applicable","Not Applicable","N/A - No DWSRF",0,"0",NA,NA,NA,NA,NA,NA,NA,NA,NA,NA,"Data Not Available","Data Not Available","Data Not Available","Data Not Available","Data Not Available","Data Not Available","Data Not Available","Data Not Available","	
https://echo.epa.gov/detailed-facility-report?fid=110017912491"
"36579","QUEBRADA","PR0002872","110013211498","Region 2","0","HATILLO; CAMUY","Camuy Municipio; Hatillo Municipio","","000","027; 065","Territory","Puerto Rico","Community water system","Local government","N","N","Surface water",9377,"3,301-10,000",3512,"2026Q2",0,"0",0,"0","No HBV Identified",0,"0","No HBV Identified",0,"0",1,"1-5",3,"1-5",1,"1-5","N",0,"0",0,"0","Reported all required service line types",2,0,1417,2654,4073,"N","Data Not Available",NA,"N",4724843-02-28,"N","Sanitary Survey, Complete","N","N","Not Applicable","Not Applicable","Not Applicable","Not Applicable","Not Applicable","Not Applicable","Not Applicable","Not Applicable","Not Applicable","Not Applicable","Not Applicable","N/A - No DWSRF",0,"0",NA,NA,NA,NA,NA,NA,NA,NA,NA,NA,"Data Not Available","Data Not Available","Data Not Available","Data Not Available","Data Not Available","Data Not Available","Data Not Available","Data Not Available","	
https://echo.epa.gov/detailed-facility-report?fid=110013211498"
"36585","SANAMUERTO","PR0003022","110013211657","Region 2","0","MOROVIS; OROCOVIS","Morovis Municipio; Orocovis Municipio","","000","101; 107","Territory","Puerto Rico","Community water system","Local government","N","N","Surface water",1503,"501-3,300",563,"2026Q2",0,"0",0,"0","No HBV Identified",1,"1-5","Long Term 2 Enhanced Surface Water Treatment Rule",0,"0",0,"0",1,"1-5",2,"1-5","N",0,"0",0,"0","Reported all required service line types",0,0,230,480,710,"N","Data Not Available",NA,"N",4861572-01-18,"N","Sanitary Survey, Complete","N","N","Not Applicable","Not Applicable","Not Applicable","Not Applicable","Not Applicable","Not Applicable","Not Applicable","Not Applicable","Not Applicable","Not Applicable","Not Applicable","N/A - No DWSRF",0,"0",NA,NA,NA,NA,NA,NA,NA,NA,NA,NA,"Data Not Available","Data Not Available","Data Not Available","Data Not Available","Data Not Available","Data Not Available","Data Not Available","Data Not Available","	
https://echo.epa.gov/detailed-facility-report?fid=110013211657"
"36608","EL ROSARIO","PR0003423","110013069044","Region 2","0","SAN GERMAN","Mayaguez Municipio; San German Municipio","","000","097; 125","Territory","Puerto Rico","Community water system","Local government","N","N","Groundwater",2374,"501-3,300",889,"2026Q2",0,"0",0,"0","No HBV Identified",0,"0","No HBV Identified",0,"0",0,"0",0,"0",0,"0","N",0,"0",0,"0","Reported all required service line types",0,0,420,538,958,"N","Data Not Available",NA,"N",4768852-04-11,"N","Sanitary Survey, Complete","N","N","Not Applicable","Not Applicable","Not Applicable","Not Applicable","Not Applicable","Not Applicable","Not Applicable","Not Applicable","Not Applicable","Not Applicable","Not Applicable","N/A - No DWSRF",0,"0",NA,NA,NA,NA,NA,NA,NA,NA,NA,NA,"Data Not Available","Data Not Available","Data Not Available","Data Not Available","Data Not Available","Data Not Available","Data Not Available","Data Not Available","	
https://echo.epa.gov/detailed-facility-report?fid=110013069044"
"36613","CAIN ALTO","PR0003533","110013069623","Region 2","0","SAN GERMAN","Salinas Municipio; San German Municipio","","000","123; 125","Territory","Puerto Rico","Community water system","Local government","N","N","Surface water",2416,"501-3,300",905,"2026Q2",0,"0",0,"0","No HBV Identified",0,"0","No HBV Identified",0,"0",0,"0",0,"0",0,"0","N",0,"0",0,"0","Reported all required service line types",0,0,426,647,1073,"N","Data Not Available",NA,"N",4723896-12-09,"N","Sanitary Survey, Complete","N","N","Not Applicable","Not Applicable","Not Applicable","Not Applicable","Not Applicable","Not Applicable","Not Applicable","Not Applicable","Not Applicable","Not Applicable","Not Applicable","N/A - No DWSRF",0,"0",NA,NA,NA,NA,NA,NA,NA,NA,NA,NA,"Data Not Available","Data Not Available","Data Not Available","Data Not Available","Data Not Available","Data Not Available","Data Not Available","Data Not Available","	
https://echo.epa.gov/detailed-facility-report?fid=110013069623"
"36621","LAGO GUAJATACA","PR0003772","110000557255","Region 2","0","ISABELA; SAN SEBASTIAN","Isabela Municipio; San Sebastian Municipio","","000","071; 131","Territory","Puerto Rico","Community water system","Local government","N","N","Surface water",10018,"10,001-100,000",3752,"2026Q2",2,"1-10",0,"0","No HBV Identified",1,"1-5","Interim and Long Term 1 Enhanced Surface Water Treatment Rule",0,"0",0,"0",5,"1-5",1,"1-5","N",0,"0",0,"0","Reported all required service line types",0,0,1518,3776,5294,"N","Data Not Available",NA,"N",4827517-12-17,"N","Sanitary Survey, Complete","N","N","Not Applicable","Not Applicable","Not Applicable","Not Applicable","Not Applicable","Not Applicable","Not Applicable","Not Applicable","Not Applicable","Not Applicable","Not Applicable","Yes",1,"1-5",NA,NA,NA,NA,NA,NA,NA,NA,NA,NA,"Data Not Available","Data Not Available","Data Not Available","Data Not Available","Data Not Available","Data Not Available","Data Not Available","Data Not Available","	
https://echo.epa.gov/detailed-facility-report?fid=110000557255"
"36641","RIO LOCO","PR0004094","110013210088","Region 2","0","YAUCO; GUANICA","Guanica Municipio; Yauco Municipio","","000","055; 153","Territory","Puerto Rico","Community water system","Local government","N","N","Groundwater",1501,"501-3,300",714,"2026Q2",0,"0",0,"0","No HBV Identified",0,"0","No HBV Identified",0,"0",0,"0",0,"0",0,"0","N",0,"0",0,"0","Did not report any required service line types",NA,NA,NA,NA,NA,"N","Data Not Available",NA,"N",3885555-04-17,"Y","Sanitary Survey, Complete","N","N","Not Applicable","Not Applicable","Not Applicable","Not Applicable","Not Applicable","Not Applicable","Not Applicable","Not Applicable","Not Applicable","Not Applicable","Not Applicable","N/A - No DWSRF",0,"0",NA,NA,NA,NA,NA,NA,NA,NA,NA,NA,"Data Not Available","Data Not Available","Data Not Available","Data Not Available","Data Not Available","Data Not Available","Data Not Available","Data Not Available","	
https://echo.epa.gov/detailed-facility-report?fid=110013210088"
"36645","DUEY","PR0004234","110013066671","Region 2","0","MARICAO; YAUCO","Maricao Municipio; Yauco Municipio","","000","093; 153","Territory","Puerto Rico","Community water system","Local government","N","N","Surface water",2248,"501-3,300",842,"2026Q2",0,"0",0,"0","No HBV Identified",3,"1-5","Long Term 2 Enhanced Surface Water Treatment Rule",0,"0",0,"0",3,"1-5",0,"0","N",0,"0",0,"0","Reported all required service line types",0,0,419,635,1054,"N","Data Not Available",NA,"N",4709230-07-09,"N","Sanitary Survey, Complete","N","N","Not Applicable","Not Applicable","Not Applicable","Not Applicable","Not Applicable","Not Applicable","Not Applicable","Not Applicable","Not Applicable","Not Applicable","Not Applicable","N/A - No DWSRF",0,"0",NA,NA,NA,NA,NA,NA,NA,NA,NA,NA,"Data Not Available","Data Not Available","Data Not Available","Data Not Available","Data Not Available","Data Not Available","Data Not Available","Data Not Available","	
https://echo.epa.gov/detailed-facility-report?fid=110013066671"
"36650","ARENAS","PR0004374","110013066877","Region 2","0","GUANICA; YAUCO","Guanica Municipio; Yauco Municipio","","000","055; 153","Territory","Puerto Rico","Community water system","Local government","N","N","Groundwater",2221,"501-3,300",832,"2026Q2",0,"0",0,"0","No HBV Identified",0,"0","No HBV Identified",0,"0",0,"0",0,"0",0,"0","N",0,"0",0,"0","Reported all required service line types",0,0,247,439,686,"N","Data Not Available",NA,"N",4737380-08-01,"N","Sanitary Survey, Complete","N","N","Not Applicable","Not Applicable","Not Applicable","Not Applicable","Not Applicable","Not Applicable","Not Applicable","Not Applicable","Not Applicable","Not Applicable","Not Applicable","N/A - No DWSRF",0,"0",NA,NA,NA,NA,NA,NA,NA,NA,NA,NA,"Data Not Available","Data Not Available","Data Not Available","Data Not Available","Data Not Available","Data Not Available","Data Not Available","Data Not Available","	
https://echo.epa.gov/detailed-facility-report?fid=110013066877"
"36702","EL YUNQUE","PR0005296","110016613477","Region 2","0","RIO GRANDE","Naguabo Municipio; Rio Grande Municipio","","000","103; 119","Territory","Puerto Rico","Community water system","Local government","N","N","Surface water",68114,"10,001-100,000",25511,"2026Q2",0,"0",0,"0","No HBV Identified",5,"1-5","Interim and Long Term 1 Enhanced Surface Water Treatment Rule",0,"0",0,"0",6,"6-10",1,"1-5","N",0,"0",0,"0","Reported all required service line types",0,0,7400,17198,24598,"N","Data Not Available",NA,"N",4822540-06-11,"N","Sanitary Survey, Complete","N","N","Not Applicable","Not Applicable","Not Applicable","Not Applicable","Not Applicable","Not Applicable","Not Applicable","Not Applicable","Not Applicable","Not Applicable","Not Applicable","N/A - No DWSRF",0,"0",NA,NA,NA,NA,NA,NA,NA,NA,NA,NA,"Data Not Available","Data Not Available","Data Not Available","Data Not Available","Data Not Available","Data Not Available","Data Not Available","Data Not Available","	
https://echo.epa.gov/detailed-facility-report?fid=110016613477"
"36717","SABANA HOYOS","PR0005587","110013211390","Region 2","0","VEGA ALTA","Loiza Municipio; Vega Alta Municipio","","000","087; 143","Territory","Puerto Rico","Community water system","Local government","N","N","Surface water",2360,"501-3,300",884,"2026Q2",0,"0",0,"0","No HBV Identified",0,"0","No HBV Identified",0,"0",0,"0",2,"1-5",0,"0","N",0,"0",0,"0","Reported all required service line types",0,0,477,576,1053,"N","Data Not Available",NA,"N",4632823-03-15,"N","Sanitary Survey, Complete","N","N","Not Applicable","Not Applicable","Not Applicable","Not Applicable","Not Applicable","Not Applicable","Not Applicable","Not Applicable","Not Applicable","Not Applicable","Not Applicable","N/A - No DWSRF",0,"0",NA,NA,NA,NA,NA,NA,NA,NA,NA,NA,"Data Not Available","Data Not Available","Data Not Available","Data Not Available","Data Not Available","Data Not Available","Data Not Available","Data Not Available","	
https://echo.epa.gov/detailed-facility-report?fid=110013211390"
"36734","LUCAS LUGO","PR0242012","110013062381","Region 2","0","LARES","Jayuya Municipio; Lares Municipio","","000","073; 081","Territory","Puerto Rico","Community water system","Private","N","N","Groundwater",30,"<=500",10,"2026Q2",40,">30",1,"1-5","Lead and Copper Rule Revisions",1,"1-5","Lead and Copper Rule Revisions",1,"1-5",1,"1-5",19,"16-20",4,"1-5","N",0,"0",0,"0","Did not report any required service line types",NA,NA,NA,NA,NA,"Y","Data Not Available",NA,"N",4837453-04-11,"N","Sanitary Survey, Complete","N","N","Not Applicable","Not Applicable","Not Applicable","Not Applicable","Not Applicable","Not Applicable","Not Applicable","Not Applicable","Not Applicable","Not Applicable","Not Applicable","N/A - No DWSRF",0,"0",NA,NA,NA,NA,NA,NA,NA,NA,NA,NA,"Data Not Available","Data Not Available","Data Not Available","Data Not Available","Data Not Available","Data Not Available","Data Not Available","Data Not Available","	
https://echo.epa.gov/detailed-facility-report?fid=110013062381"
"36757","JARDIN DEL ATLANTICO","PR0303013","110048429492","Region 2","0","AGUADILLA","Aguas Buenas","","000","","Territory","Puerto Rico","Community water system","Private","N","N","Groundwater",165,"<=500",62,"2026Q2",2,"1-10",1,"1-5","Lead and Copper Rule Revisions",1,"1-5","Lead and Copper Rule Revisions",0,"0",0,"0",1,"1-5",0,"0","N",0,"0",0,"0","Did not report any required service line types",NA,NA,NA,NA,NA,"N","Data Not Available",NA,"N",4661692-10-14,"N","Sanitary Survey, Complete","N","N","Not Applicable","Not Applicable","Not Applicable","Not Applicable","Not Applicable","Not Applicable","Not Applicable","Not Applicable","Not Applicable","Not Applicable","Not Applicable","N/A - No DWSRF",0,"0",NA,NA,NA,NA,NA,NA,NA,NA,NA,NA,"Data Not Available","Data Not Available","Data Not Available","Data Not Available","Data Not Available","Data Not Available","Data Not Available","Data Not Available","	
https://echo.epa.gov/detailed-facility-report?fid=110048429492"
"36769","SECTOR LAGUNA","PR0377023","110013064012","Region 2","0","LAS MARIAS","Las Marias Municipio; Trujillo Alto Municipio","","000","083; 139","Territory","Puerto Rico","Community water system","Private","N","N","Surface water",27,"<=500",10,"2026Q2",40,">30",1,"1-5","Lead and Copper Rule Revisions",1,"1-5","Lead and Copper Rule Revisions",1,"1-5",1,"1-5",20,"16-20",1,"1-5","N",0,"0",0,"0","Did not report any required service line types",NA,NA,NA,NA,NA,"Y","Data Not Available",NA,"N",4703789-10-01,"N","Sanitary Survey, Complete","N","N","Not Applicable","Not Applicable","Not Applicable","Not Applicable","Not Applicable","Not Applicable","Not Applicable","Not Applicable","Not Applicable","Not Applicable","Not Applicable","N/A - No DWSRF",0,"0",NA,NA,NA,NA,NA,NA,NA,NA,NA,NA,"Data Not Available","Data Not Available","Data Not Available","Data Not Available","Data Not Available","Data Not Available","Data Not Available","Data Not Available","	
https://echo.epa.gov/detailed-facility-report?fid=110013064012"
"36770","ADJUNTAS LAS CRUCES, INC","PR0401014","110013043679","Region 2","0","ADJUNTAS","Adjuntas Municipio; Trujillo Alto Municipio","","000","001; 139","Territory","Puerto Rico","Community water system","Private","N","N","Groundwater",130,"<=500",49,"2026Q2",40,">30",1,"1-5","Lead and Copper Rule Revisions",1,"1-5","Lead and Copper Rule Revisions",1,"1-5",1,"1-5",19,"16-20",4,"1-5","N",0,"0",0,"0","Did not report any required service line types",NA,NA,NA,NA,NA,"Y","Data Not Available",NA,"N",4708047-09-29,"N","Sanitary Survey, Complete","N","N","Not Applicable","Not Applicable","Not Applicable","Not Applicable","Not Applicable","Not Applicable","Not Applicable","Not Applicable","Not Applicable","Not Applicable","Not Applicable","N/A - No DWSRF",0,"0",NA,NA,NA,NA,NA,NA,NA,NA,NA,NA,"Data Not Available","Data Not Available","Data Not Available","Data Not Available","Data Not Available","Data Not Available","Data Not Available","Data Not Available","	
https://echo.epa.gov/detailed-facility-report?fid=110013043679"
"36847","ACUED. RURAL PALMARITO CINTRON","PR0510145","110013052631","Region 2","0","BARRANQUITAS","Barranquitas Municipio; Corozal Municipio","","000","019; 047","Territory","Puerto Rico","Community water system","Private","N","N","Groundwater",644,"501-3,300",240,"2026Q2",3,"1-10",1,"1-5","Lead and Copper Rule Revisions",1,"1-5","Lead and Copper Rule Revisions",1,"1-5",1,"1-5",2,"1-5",4,"1-5","N",0,"0",0,"0","Did not report any required service line types",NA,NA,NA,NA,NA,"N","Data Not Available",NA,"N",4715854-01-24,"N","Sanitary Survey, Complete","N","N","Not Applicable","Not Applicable","Not Applicable","Not Applicable","Not Applicable","Not Applicable","Not Applicable","Not Applicable","Not Applicable","Not Applicable","Not Applicable","N/A - No DWSRF",0,"0",NA,NA,NA,NA,NA,NA,NA,NA,NA,NA,"Data Not Available","Data Not Available","Data Not Available","Data Not Available","Data Not Available","Data Not Available","Data Not Available","Data Not Available","	
https://echo.epa.gov/detailed-facility-report?fid=110013052631"
"36858","ASOCIACION PELEGRIN SANTOS INC.","PR0521035","110013052935","Region 2","0","CIDRA","Aguas Buenas Municipio; Cidra Municipio","","000","007; 041","Territory","Puerto Rico","Community water system","Private","N","N","Groundwater",256,"<=500",96,"2026Q2",2,"1-10",1,"1-5","Lead and Copper Rule Revisions",1,"1-5","Lead and Copper Rule Revisions",0,"0",0,"0",5,"1-5",0,"0","N",0,"0",0,"0","Did not report any required service line types",NA,NA,NA,NA,NA,"N","Data Not Available",NA,"N",4792497-12-08,"N","Sanitary Survey, Complete","N","N","Not Applicable","Not Applicable","Not Applicable","Not Applicable","Not Applicable","Not Applicable","Not Applicable","Not Applicable","Not Applicable","Not Applicable","Not Applicable","N/A - No DWSRF",0,"0",NA,NA,NA,NA,NA,NA,NA,NA,NA,NA,"Data Not Available","Data Not Available","Data Not Available","Data Not Available","Data Not Available","Data Not Available","Data Not Available","Data Not Available","	
https://echo.epa.gov/detailed-facility-report?fid=110013052935"
"36951","COMUNIDAD SANTANA","PR0724147","110047723665","Region 2","0","COROZAL","Data not available","","000","","Territory","Puerto Rico","Community water system","Local government","N","N","Groundwater",300,"<=500",80,"2026Q2",3,"1-10",1,"1-5","Lead and Copper Rule Revisions",1,"1-5","Lead and Copper Rule Revisions",1,"1-5",1,"1-5",2,"1-5",0,"0","N",0,"0",0,"0","Did not report any required service line types",NA,NA,NA,NA,NA,"N","Data Not Available",NA,"N",4817572-10-14,"N","Sanitary Survey, Complete","N","N","Not Applicable","Not Applicable","Not Applicable","Not Applicable","Not Applicable","Not Applicable","Not Applicable","Not Applicable","Not Applicable","Not Applicable","Not Applicable","N/A - No DWSRF",0,"0",NA,NA,NA,NA,NA,NA,NA,NA,NA,NA,"Data Not Available","Data Not Available","Data Not Available","Data Not Available","Data Not Available","Data Not Available","Data Not Available","Data Not Available","	
https://echo.epa.gov/detailed-facility-report?fid=110047723665"
"36952","COMUNIDAD MANA, SECTOR LOZADA INC.","PR0724157","110063342100","Region 2","0","COROZAL","Data not available","","000","","Territory","Puerto Rico","Community water system","Local government","N","N","Groundwater",240,"<=500",60,"2026Q2",2,"1-10",1,"1-5","Lead and Copper Rule Revisions",1,"1-5","Lead and Copper Rule Revisions",0,"0",0,"0",11,"11-15",0,"0","N",0,"0",0,"0","Did not report any required service line types",NA,NA,NA,NA,NA,"N","Data Not Available",NA,"N",4726025-12-08,"N","Sanitary Survey, Complete","N","N","Not Applicable","Not Applicable","Not Applicable","Not Applicable","Not Applicable","Not Applicable","Not Applicable","Not Applicable","Not Applicable","Not Applicable","Not Applicable","N/A - No DWSRF",0,"0",NA,NA,NA,NA,NA,NA,NA,NA,NA,NA,"Data Not Available","Data Not Available","Data Not Available","Data Not Available","Data Not Available","Data Not Available","Data Not Available","Data Not Available","	
https://echo.epa.gov/detailed-facility-report?fid=110063342100"
"36959","ACUEDUCTO RURAL SAN JOSE","PR0754127","110048107856","Region 2","0","NARANJITO","Data not available","","000","","Territory","Puerto Rico","Community water system","Local government","N","N","Surface water",70,"<=500",21,"2026Q2",5,"1-10",2,"1-5","Lead and Copper Rule Revisions | Revised Total Coliform Rule",2,"1-5","Lead and Copper Rule Revisions | Revised Total Coliform Rule",1,"1-5",1,"1-5",3,"1-5",0,"0","N",0,"0",0,"0","Did not report any required service line types",NA,NA,NA,NA,NA,"Y","Data Not Available",NA,"N",4713015-05-28,"N","Sanitary Survey, Complete","N","N","Not Applicable","Not Applicable","Not Applicable","Not Applicable","Not Applicable","Not Applicable","Not Applicable","Not Applicable","Not Applicable","Not Applicable","Not Applicable","N/A - No DWSRF",0,"0",NA,NA,NA,NA,NA,NA,NA,NA,NA,NA,"Data Not Available","Data Not Available","Data Not Available","Data Not Available","Data Not Available","Data Not Available","Data Not Available","Data Not Available","	
https://echo.epa.gov/detailed-facility-report?fid=110048107856"
"37825","LAKOTA TECH HIGH SCHOOL","SD4600332","110071891795","Region 8","057716","BATESLAND","Shannon","","000","113","State","South Dakota","Community water system","Private","N","N","Groundwater",1250,"501-3,300",29,"2026Q2",0,"0",0,"0","No HBV Identified",0,"0","No HBV Identified",0,"0",0,"0",0,"0",0,"0","N",0,"0",0,"0","Reported all required service line types",0,0,0,52,52,"N","Data Not Available",NA,"N",4721058-04-12,"N","Sanitary Survey, Complete","Y","N","No deficiencies or recommendations","No deficiencies or recommendations","Record Not Available or Not Reported to EPA","No deficiencies or recommendations","Record Not Available or Not Reported to EPA","Significant deficiencies","No deficiencies or recommendations","No deficiencies or recommendations","Recommendations made","No deficiencies or recommendations","Record Not Available or Not Reported to EPA","N/A - No DWSRF",0,"0",NA,NA,NA,NA,NA,NA,NA,NA,NA,NA,"Data Not Available","Data Not Available","Data Not Available","Data Not Available","Data Not Available","Data Not Available","Data Not Available","Data Not Available","	
https://echo.epa.gov/detailed-facility-report?fid=110071891795"
"38006","WR/LJ - MNI WICONI","SD4602223","110013750495","Region 8","057559","MURDO","Jones; Lyman; Stanley","","000","075; 085; 117","State","South Dakota","Community water system","Private","N","N","Surface water",4720,"3,301-10,000",1894,"2026Q2",0,"0",0,"0","No HBV Identified",0,"0","No HBV Identified",0,"0",0,"0",0,"0",0,"0","N",0,"0",0,"0","Reported all required service line types",0,0,477,618,1095,"N","Data Not Available",NA,"N",4608221-06-19,"N","Sanitary Survey, Complete","N","N","No deficiencies or recommendations","Not Applicable","Record Not Available or Not Reported to EPA","No deficiencies or recommendations","Record Not Available or Not Reported to EPA","No deficiencies or recommendations","No deficiencies or recommendations","Not Applicable","Recommendations made","No deficiencies or recommendations","Record Not Available or Not Reported to EPA","N/A - No DWSRF",0,"0",NA,NA,NA,NA,NA,NA,NA,NA,NA,NA,"Data Not Available","Data Not Available","Data Not Available","Data Not Available","Data Not Available","Data Not Available","Data Not Available","Data Not Available","	
https://echo.epa.gov/detailed-facility-report?fid=110013750495"
"38030","CLARK RURAL WATER-KAMPESKA","SD4602277","110048144165","Region 8","057225; 57235","CLARK; FLORENCE","Codington; Day","","000","029; 037","State","South Dakota","Community water system","Private","N","N","Groundwater",602,"501-3,300",252,"2026Q2",0,"0",0,"0","No HBV Identified",0,"0","No HBV Identified",0,"0",0,"0",0,"0",0,"0","N",0,"0",0,"0","Reported all required service line types",0,0,0,207,207,"N","Data Not Available",NA,"Y",4638027-06-01,"N","Sanitary Survey, Complete","N","N","No deficiencies or recommendations","Recommendations made","Record Not Available or Not Reported to EPA","No deficiencies or recommendations","Record Not Available or Not Reported to EPA","No deficiencies or recommendations","No deficiencies or recommendations","No deficiencies or recommendations","Recommendations made","Recommendations made","Record Not Available or Not Reported to EPA","N/A - No DWSRF",0,"0",NA,NA,NA,NA,NA,NA,NA,NA,NA,NA,"Data Not Available","Data Not Available","Data Not Available","Data Not Available","Data Not Available","Data Not Available","Data Not Available","Data Not Available","	
https://echo.epa.gov/detailed-facility-report?fid=110048144165"
"44304","NSA HAMPTON ROADS, PORTSMOUTH ANNEX","VA3740650","110063331336","Region 3","0","PORTSMOUTH CITY","Galax","","000","","State","Virginia","Community water system","Federal government","N","N","Surface water",6072,"3,301-10,000",48,"2026Q2",0,"0",0,"0","No HBV Identified",0,"0","No HBV Identified",0,"0",0,"0",0,"0",0,"0","N",0,"0",0,"0","Reported all required service line types",0,0,0,48,48,"N","Data Not Available",NA,"N",4801013-12-04,"N","Sanitary Survey, Complete","N","N","Minor deficiencies","Not Applicable","Not Applicable","No deficiencies or recommendations","No deficiencies or recommendations","No deficiencies or recommendations","No deficiencies or recommendations","Not Applicable","Minor deficiencies","Minor deficiencies","Not Applicable","N/A - No DWSRF",0,"0",NA,NA,NA,NA,NA,NA,NA,NA,NA,NA,"Data Not Available","Data Not Available","Data Not Available","Data Not Available","Data Not Available","Data Not Available","Data Not Available","Data Not Available","	
https://echo.epa.gov/detailed-facility-report?fid=110063331336"
"44305","MURPHY'S MILL ROAD","VA3800075","110012833309","Region 3","0","SUFFOLK CITY","Data not available","","000","","State","Virginia","Community water system","Private","N","N","Groundwater",60,"<=500",20,"2026Q2",0,"0",0,"0","No HBV Identified",0,"0","No HBV Identified",0,"0",0,"0",0,"0",4,"1-5","N",0,"0",0,"0","Did not report any required service line types",NA,NA,NA,NA,NA,"N","Data Not Available",NA,"N",4858733-05-21,"N","Sanitary Survey, Complete","N","N","Minor deficiencies","Minor deficiencies","Not Applicable","Not Applicable","No deficiencies or recommendations","Minor deficiencies","No deficiencies or recommendations","Not Applicable","Minor deficiencies","Minor deficiencies","Not Applicable","N/A - No DWSRF",0,"0",NA,NA,NA,NA,NA,NA,NA,NA,NA,NA,"Data Not Available","Data Not Available","Data Not Available","Data Not Available","Data Not Available","Data Not Available","Data Not Available","Data Not Available","	
https://echo.epa.gov/detailed-facility-report?fid=110012833309"
"44827","Bovoni Housing Project I and II","VI0000029","110037447377","Region 2","0","","St. Thomas Island","","000","030","Territory","US Virgin Islands","Community water system","Private","N","N","Groundwater",960,"501-3,300",1,"2026Q2",2,"1-10",1,"1-5","Lead and Copper Rule Revisions",1,"1-5","Lead and Copper Rule Revisions",0,"0",0,"0",1,"1-5",0,"0","N",0,"0",0,"0","Did not report any required service line types",NA,NA,NA,NA,NA,"N","N",NA,"N",1582917-06-15,"Y","Sanitary Survey, Complete","N","N","No deficiencies or recommendations","No deficiencies or recommendations","No deficiencies or recommendations","No deficiencies or recommendations","Not Applicable","No deficiencies or recommendations","No deficiencies or recommendations","No deficiencies or recommendations","No deficiencies or recommendations","No deficiencies or recommendations","Not evaluated","N/A - No DWSRF",0,"0",NA,NA,NA,NA,NA,NA,NA,NA,NA,NA,"Data Not Available","Data Not Available","Data Not Available","Data Not Available","Data Not Available","Data Not Available","Data Not Available","Data Not Available","	
https://echo.epa.gov/detailed-facility-report?fid=110037447377"
"44828","Herbert Grigg Kitchen","VI0000058","110014406721","Region 2","0","","St. Croix Island","","000","010","Territory","US Virgin Islands","Community water system","State or Territorial Government","N","N","Groundwater",133,"<=500",1,"2026Q2",7,"1-10",1,"1-5","Lead and Copper Rule Revisions",1,"1-5","Lead and Copper Rule Revisions",0,"0",0,"0",8,"6-10",2,"1-5","N",0,"0",0,"0","Did not report any required service line types",NA,NA,NA,NA,NA,"Y","N",NA,"N",3348565-03-17,"Y","Sanitary Survey, Complete","N","N","No deficiencies or recommendations","No deficiencies or recommendations","No deficiencies or recommendations","No deficiencies or recommendations","Not Applicable","No deficiencies or recommendations","No deficiencies or recommendations","No deficiencies or recommendations","No deficiencies or recommendations","No deficiencies or recommendations","Not evaluated","N/A - No DWSRF",0,"0",NA,NA,NA,NA,NA,NA,NA,NA,NA,NA,"Data Not Available","Data Not Available","Data Not Available","Data Not Available","Data Not Available","Data Not Available","Data Not Available","Data Not Available","	
https://echo.epa.gov/detailed-facility-report?fid=110014406721"
"44829","Long Reef Apartments","VI0000064","110010634046","Region 2","0","","St. Croix Island","","000","010","Territory","US Virgin Islands","Community water system","Private","N","N","Groundwater",124,"<=500",1,"2026Q2",0,"0",0,"0","No HBV Identified",0,"0","No HBV Identified",0,"0",0,"0",0,"0",1,"1-5","N",0,"0",0,"0","Reported all required service line types",0,0,0,5,5,"N","N",NA,"N",3634806-10-25,"Y","Sanitary Survey, Complete","N","N","No deficiencies or recommendations","No deficiencies or recommendations","No deficiencies or recommendations","No deficiencies or recommendations","Not Applicable","No deficiencies or recommendations","No deficiencies or recommendations","No deficiencies or recommendations","No deficiencies or recommendations","No deficiencies or recommendations","Not evaluated","N/A - No DWSRF",0,"0",NA,NA,NA,NA,NA,NA,NA,NA,NA,NA,"Data Not Available","Data Not Available","Data Not Available","Data Not Available","Data Not Available","Data Not Available","Data Not Available","Data Not Available","	
https://echo.epa.gov/detailed-facility-report?fid=110010634046"
"44830","Lorraine Village","VI0000066","110012831711","Region 2","0","","St. Croix Island","","000","010","Territory","US Virgin Islands","Community water system","Private","N","N","Groundwater",1008,"501-3,300",1,"2026Q2",2,"1-10",1,"1-5","Lead and Copper Rule Revisions",4,"1-5","Lead and Copper Rule Revisions | Revised Total Coliform Rule",0,"0",0,"0",5,"1-5",0,"0","N",0,"0",0,"0","Did not report any required service line types",NA,NA,NA,NA,NA,"N","N",NA,"N",3601679-03-27,"Y","Sanitary Survey, Complete","N","N","No deficiencies or recommendations","No deficiencies or recommendations","No deficiencies or recommendations","No deficiencies or recommendations","Not Applicable","No deficiencies or recommendations","No deficiencies or recommendations","No deficiencies or recommendations","No deficiencies or recommendations","No deficiencies or recommendations","Not evaluated","N/A - No DWSRF",0,"0",NA,NA,NA,NA,NA,NA,NA,NA,NA,NA,"Data Not Available","Data Not Available","Data Not Available","Data Not Available","Data Not Available","Data Not Available","Data Not Available","Data Not Available","	
https://echo.epa.gov/detailed-facility-report?fid=110012831711"
"44831","Mill Harbour Condos","VI0000068","110010606399","Region 2","0","","St. Croix Island","","000","010","Territory","US Virgin Islands","Community water system","Private","N","N","Groundwater",345,"<=500",0,"2026Q2",1,"1-10",0,"0","No HBV Identified",3,"1-5","Lead and Copper Rule Revisions | Revised Total Coliform Rule",0,"0",0,"0",4,"1-5",0,"0","N",0,"0",0,"0","Reported all required service line types",0,0,0,86,86,"N","N",NA,"N",3590561-02-21,"Y","Sanitary Survey, Complete","N","N","No deficiencies or recommendations","No deficiencies or recommendations","No deficiencies or recommendations","No deficiencies or recommendations","Not Applicable","No deficiencies or recommendations","No deficiencies or recommendations","No deficiencies or recommendations","No deficiencies or recommendations","No deficiencies or recommendations","Not evaluated","N/A - No DWSRF",0,"0",NA,NA,NA,NA,NA,NA,NA,NA,NA,NA,"Data Not Available","Data Not Available","Data Not Available","Data Not Available","Data Not Available","Data Not Available","Data Not Available","Data Not Available","	
https://echo.epa.gov/detailed-facility-report?fid=110010606399"
"44832","The Golden Twin Apt.s (bay Court-n)","VI0000069","110012831775","Region 2","0","","St. Croix Island","","000","010","Territory","US Virgin Islands","Community water system","Private","N","N","Groundwater",38,"<=500",2,"2026Q2",2,"1-10",1,"1-5","Lead and Copper Rule Revisions",1,"1-5","Lead and Copper Rule Revisions",0,"0",0,"0",1,"1-5",1,"1-5","N",0,"0",0,"0","Did not report any required service line types",NA,NA,NA,NA,NA,"N","N",NA,"N",3943974-07-24,"Y","Sanitary Survey, Complete","N","N","No deficiencies or recommendations","No deficiencies or recommendations","No deficiencies or recommendations","No deficiencies or recommendations","Not Applicable","No deficiencies or recommendations","No deficiencies or recommendations","No deficiencies or recommendations","No deficiencies or recommendations","No deficiencies or recommendations","Not evaluated","N/A - No DWSRF",0,"0",NA,NA,NA,NA,NA,NA,NA,NA,NA,NA,"Data Not Available","Data Not Available","Data Not Available","Data Not Available","Data Not Available","Data Not Available","Data Not Available","Data Not Available","	
https://echo.epa.gov/detailed-facility-report?fid=110012831775"
"44833","Queen Louise Home","VI0000071","110070106229","Region 2","0","","St. Croix Island","","000","010","Territory","US Virgin Islands","Community water system","Private","N","N","Groundwater",90,"<=500",1,"2026Q2",0,"0",0,"0","No HBV Identified",0,"0","No HBV Identified",0,"0",0,"0",0,"0",0,"0","N",0,"0",0,"0","Reported all required service line types",0,0,0,85,85,"N","N",NA,"N",3903296-12-04,"Y","Sanitary Survey, Complete","N","N","No deficiencies or recommendations","No deficiencies or recommendations","No deficiencies or recommendations","No deficiencies or recommendations","Not Applicable","No deficiencies or recommendations","No deficiencies or recommendations","No deficiencies or recommendations","No deficiencies or recommendations","No deficiencies or recommendations","Not evaluated","N/A - No DWSRF",0,"0",NA,NA,NA,NA,NA,NA,NA,NA,NA,NA,"Data Not Available","Data Not Available","Data Not Available","Data Not Available","Data Not Available","Data Not Available","Data Not Available","Data Not Available","	
https://echo.epa.gov/detailed-facility-report?fid=110070106229"
"44834","Questa Verde F","VI0000072","110012831828","Region 2","0","","St. Croix Island","","000","010","Territory","US Virgin Islands","Community water system","Private","N","N","Groundwater",42,"<=500",1,"2026Q2",0,"0",0,"0","No HBV Identified",1,"1-5","Lead and Copper Rule Revisions",0,"0",0,"0",1,"1-5",0,"0","N",0,"0",0,"0","Reported all required service line types",0,0,0,120,120,"N","N",NA,"N",4487588-03-09,"Y","Sanitary Survey, Complete","Y","N","No deficiencies or recommendations","No deficiencies or recommendations","No deficiencies or recommendations","No deficiencies or recommendations","Not Applicable","No deficiencies or recommendations","Significant deficiencies","No deficiencies or recommendations","Significant deficiencies","No deficiencies or recommendations","Not evaluated","N/A - No DWSRF",0,"0",NA,NA,NA,NA,NA,NA,NA,NA,NA,NA,"Data Not Available","Data Not Available","Data Not Available","Data Not Available","Data Not Available","Data Not Available","Data Not Available","Data Not Available","	
https://echo.epa.gov/detailed-facility-report?fid=110012831828"
"44835","The Reef Condo","VI0000074","110010636008","Region 2","0","TEAGUE BAY","St. Croix Island","","000","010","Territory","US Virgin Islands","Community water system","Private","N","N","Surface water",374,"<=500",1,"2026Q2",2,"1-10",1,"1-5","Lead and Copper Rule Revisions",1,"1-5","Lead and Copper Rule Revisions",0,"0",0,"0",1,"1-5",1,"1-5","Y",1,"1-3",0,"0","Did not report any required service line types",NA,NA,NA,NA,NA,"N","N",NA,"N",3499250-11-06,"Y","Sanitary Survey, Complete","N","N","No deficiencies or recommendations","No deficiencies or recommendations","No deficiencies or recommendations","No deficiencies or recommendations","Not Applicable","No deficiencies or recommendations","No deficiencies or recommendations","No deficiencies or recommendations","No deficiencies or recommendations","No deficiencies or recommendations","Not evaluated","N/A - No DWSRF",0,"0",NA,NA,NA,NA,NA,NA,NA,NA,NA,NA,"Data Not Available","Data Not Available","Data Not Available","Data Not Available","Data Not Available","Data Not Available","Data Not Available","Data Not Available","	
https://echo.epa.gov/detailed-facility-report?fid=110010636008"
"44836","Association of StC Condos","VI0000075","110012831882","Region 2","0","","St. Croix Island","","000","010","Territory","US Virgin Islands","Community water system","Private","N","N","Groundwater",199,"<=500",2,"2026Q2",2,"1-10",1,"1-5","Lead and Copper Rule Revisions",1,"1-5","Lead and Copper Rule Revisions",0,"0",0,"0",1,"1-5",0,"0","Y",4,"4-5",0,"0","Did not report any required service line types",NA,NA,NA,NA,NA,"N","N",NA,"N",3858105-01-13,"Y","Sanitary Survey, Complete","N","N","No deficiencies or recommendations","No deficiencies or recommendations","No deficiencies or recommendations","No deficiencies or recommendations","Not Applicable","No deficiencies or recommendations","No deficiencies or recommendations","No deficiencies or recommendations","No deficiencies or recommendations","No deficiencies or recommendations","Not evaluated","N/A - No DWSRF",0,"0",NA,NA,NA,NA,NA,NA,NA,NA,NA,NA,"Data Not Available","Data Not Available","Data Not Available","Data Not Available","Data Not Available","Data Not Available","Data Not Available","Data Not Available","	
https://echo.epa.gov/detailed-facility-report?fid=110012831882"
"44837","Harbour View Apartments","VI0000078","110069216306","Region 2","0","","St. Croix Island","","000","010","Territory","US Virgin Islands","Community water system","Private","N","N","Groundwater",863,"501-3,300",1,"2026Q2",2,"1-10",1,"1-5","Lead and Copper Rule Revisions",2,"1-5","Lead and Copper Rule Revisions | Revised Total Coliform Rule",0,"0",0,"0",2,"1-5",0,"0","N",0,"0",0,"0","Reported all required service line types",0,0,0,12,12,"N","N",NA,"N",3839890-04-15,"Y","Sanitary Survey, Complete","N","N","No deficiencies or recommendations","No deficiencies or recommendations","No deficiencies or recommendations","No deficiencies or recommendations","Not Applicable","No deficiencies or recommendations","No deficiencies or recommendations","No deficiencies or recommendations","No deficiencies or recommendations","No deficiencies or recommendations","Not evaluated","N/A - No DWSRF",0,"0",NA,NA,NA,NA,NA,NA,NA,NA,NA,NA,"Data Not Available","Data Not Available","Data Not Available","Data Not Available","Data Not Available","Data Not Available","Data Not Available","Data Not Available","	
https://echo.epa.gov/detailed-facility-report?fid=110069216306"
"44838","Cowpet Bay Village-West","VI0000094","110010606362","Region 2","0","","St. Thomas Island","","000","030","Territory","US Virgin Islands","Community water system","Private","N","N","Groundwater",300,"<=500",1,"2026Q2",2,"1-10",1,"1-5","Lead and Copper Rule Revisions",1,"1-5","Lead and Copper Rule Revisions",0,"0",0,"0",1,"1-5",0,"0","N",0,"0",0,"0","Did not report any required service line types",NA,NA,NA,NA,NA,"N","N",NA,"N",3608066-03-23,"Y","Sanitary Survey, Complete","N","N","No deficiencies or recommendations","No deficiencies or recommendations","No deficiencies or recommendations","No deficiencies or recommendations","Not Applicable","No deficiencies or recommendations","No deficiencies or recommendations","No deficiencies or recommendations","No deficiencies or recommendations","No deficiencies or recommendations","Not evaluated","N/A - No DWSRF",0,"0",NA,NA,NA,NA,NA,NA,NA,NA,NA,NA,"Data Not Available","Data Not Available","Data Not Available","Data Not Available","Data Not Available","Data Not Available","Data Not Available","Data Not Available","	
https://echo.epa.gov/detailed-facility-report?fid=110010606362"
"44839","Water And Power Authority - STX","VI0000097","110072135717","Region 2","0","","St. Croix Island","","000","010","Territory","US Virgin Islands","Community water system","State or Territorial Government","N","Y","Surface water",35000,"10,001-100,000",35000,"2026Q2",2,"1-10",1,"1-5","Lead and Copper Rule Revisions",1,"1-5","Lead and Copper Rule Revisions",0,"0",0,"0",1,"1-5",0,"0","N",0,"0",0,"0","Reported all required service line types",9740,0,0,397,10137,"N","N",NA,"N",3608302-10-13,"Y","Sanitary Survey, Complete","N","N","No deficiencies or recommendations","No deficiencies or recommendations","No deficiencies or recommendations","No deficiencies or recommendations","Not Applicable","No deficiencies or recommendations","No deficiencies or recommendations","No deficiencies or recommendations","No deficiencies or recommendations","No deficiencies or recommendations","Not evaluated","N/A - No DWSRF",0,"0",NA,NA,NA,NA,NA,NA,NA,NA,NA,NA,"Data Not Available","Data Not Available","Data Not Available","Data Not Available","Data Not Available","Data Not Available","Data Not Available","Data Not Available","	
https://echo.epa.gov/detailed-facility-report?fid=110072135717"
"44840","Good Hope Townhouses","VI0000098","110012830678","Region 2","0","","St. Croix Island","","000","010","Territory","US Virgin Islands","Community water system","Private","N","N","Groundwater",98,"<=500",1,"2026Q2",1,"1-10",0,"0","No HBV Identified",0,"0","No HBV Identified",0,"0",0,"0",1,"1-5",0,"0","N",0,"0",0,"0","Reported all required service line types",0,0,0,62,62,"Y","N",NA,"N",3591980-06-22,"Y","Sanitary Survey, Complete","N","N","No deficiencies or recommendations","No deficiencies or recommendations","No deficiencies or recommendations","No deficiencies or recommendations","Not Applicable","No deficiencies or recommendations","No deficiencies or recommendations","No deficiencies or recommendations","No deficiencies or recommendations","No deficiencies or recommendations","Not evaluated","N/A - No DWSRF",0,"0",NA,NA,NA,NA,NA,NA,NA,NA,NA,NA,"Data Not Available","Data Not Available","Data Not Available","Data Not Available","Data Not Available","Data Not Available","Data Not Available","Data Not Available","	
https://echo.epa.gov/detailed-facility-report?fid=110012830678"
"44841","Cowpet Bay Village-East","VI0000108","110010633886","Region 2","0","","St. Thomas Island","","000","030","Territory","US Virgin Islands","Community water system","Private","N","N","Surface water",120,"<=500",1,"2026Q2",2,"1-10",1,"1-5","Lead and Copper Rule Revisions",1,"1-5","Lead and Copper Rule Revisions",0,"0",0,"0",1,"1-5",0,"0","N",0,"0",0,"0","Did not report any required service line types",NA,NA,NA,NA,NA,"N","N",NA,"N",3313318-06-28,"Y","Sanitary Survey, Complete","N","N","No deficiencies or recommendations","No deficiencies or recommendations","No deficiencies or recommendations","No deficiencies or recommendations","Not Applicable","No deficiencies or recommendations","No deficiencies or recommendations","No deficiencies or recommendations","No deficiencies or recommendations","No deficiencies or recommendations","Not evaluated","N/A - No DWSRF",0,"0",NA,NA,NA,NA,NA,NA,NA,NA,NA,NA,"Data Not Available","Data Not Available","Data Not Available","Data Not Available","Data Not Available","Data Not Available","Data Not Available","Data Not Available","	
https://echo.epa.gov/detailed-facility-report?fid=110010633886"
"44842","Burnett Towers","VI0000122","110010634073","Region 2","0","","St. Thomas Island","","000","030","Territory","US Virgin Islands","Community water system","Private","N","N","Groundwater",100,"<=500",1,"2026Q2",2,"1-10",1,"1-5","Lead and Copper Rule Revisions",1,"1-5","Lead and Copper Rule Revisions",0,"0",0,"0",1,"1-5",0,"0","N",0,"0",0,"0","Did not report any required service line types",NA,NA,NA,NA,NA,"N","N",NA,"N",3396349-05-09,"Y","Sanitary Survey, Complete","N","N","No deficiencies or recommendations","No deficiencies or recommendations","No deficiencies or recommendations","No deficiencies or recommendations","Not Applicable","No deficiencies or recommendations","No deficiencies or recommendations","No deficiencies or recommendations","No deficiencies or recommendations","No deficiencies or recommendations","Not evaluated","N/A - No DWSRF",0,"0",NA,NA,NA,NA,NA,NA,NA,NA,NA,NA,"Data Not Available","Data Not Available","Data Not Available","Data Not Available","Data Not Available","Data Not Available","Data Not Available","Data Not Available","	
https://echo.epa.gov/detailed-facility-report?fid=110010634073"
"44843","UVI St.Thomas","VI0000174","110012830990","Region 2","0","","St. Thomas Island","","000","030","Territory","US Virgin Islands","Community water system","State or Territorial Government","Y","N","Groundwater",900,"501-3,300",1,"2026Q2",1,"1-10",1,"1-5","Lead and Copper Rule Revisions",1,"1-5","Lead and Copper Rule Revisions",0,"0",0,"0",1,"1-5",0,"0","N",0,"0",0,"0","Did not report any required service line types",NA,NA,NA,NA,NA,"N","N",NA,"N",NA,"Y","Record Not Available or Not Reported to EPA","Record Not Available or Not Reported to EPA","Record Not Available or Not Reported to EPA","Record Not Available or Not Reported to EPA","Record Not Available or Not Reported to EPA","Record Not Available or Not Reported to EPA","Record Not Available or Not Reported to EPA","Record Not Available or Not Reported to EPA","Record Not Available or Not Reported to EPA","Record Not Available or Not Reported to EPA","Record Not Available or Not Reported to EPA","Record Not Available or Not Reported to EPA","Record Not Available or Not Reported to EPA","Record Not Available or Not Reported to EPA","N/A - No DWSRF",0,"0",NA,NA,NA,NA,NA,NA,NA,NA,NA,NA,"Data Not Available","Data Not Available","Data Not Available","Data Not Available","Data Not Available","Data Not Available","Data Not Available","Data Not Available","	
https://echo.epa.gov/detailed-facility-report?fid=110012830990"
"44844","Plantation Manor- Hibiscus","VI0000234","110012831016","Region 2","0","","St. Thomas Island","","000","030","Territory","US Virgin Islands","Community water system","Private","N","N","Groundwater",35,"<=500",1,"2026Q2",0,"0",0,"0","No HBV Identified",1,"1-5","Lead and Copper Rule Revisions",0,"0",0,"0",1,"1-5",0,"0","N",0,"0",0,"0","Did not report any required service line types",NA,NA,NA,NA,NA,"N","N",NA,"N",3674774-10-13,"Y","Sanitary Survey, Complete","N","N","No deficiencies or recommendations","No deficiencies or recommendations","No deficiencies or recommendations","No deficiencies or recommendations","Not Applicable","No deficiencies or recommendations","No deficiencies or recommendations","No deficiencies or recommendations","No deficiencies or recommendations","No deficiencies or recommendations","Not evaluated","N/A - No DWSRF",0,"0",NA,NA,NA,NA,NA,NA,NA,NA,NA,NA,"Data Not Available","Data Not Available","Data Not Available","Data Not Available","Data Not Available","Data Not Available","Data Not Available","Data Not Available","	
https://echo.epa.gov/detailed-facility-report?fid=110012831016"
"44845","Plantation Manor- Banana","VI0000235","110012831016","Region 2","0","","St. Thomas Island","","000","030","Territory","US Virgin Islands","Community water system","Private","N","N","Groundwater",26,"<=500",1,"2026Q2",0,"0",0,"0","No HBV Identified",1,"1-5","Lead and Copper Rule Revisions",0,"0",0,"0",1,"1-5",0,"0","N",0,"0",0,"0","Did not report any required service line types",NA,NA,NA,NA,NA,"N","N",NA,"N",3674774-10-13,"Y","Sanitary Survey, Complete","N","N","No deficiencies or recommendations","No deficiencies or recommendations","No deficiencies or recommendations","No deficiencies or recommendations","Not Applicable","No deficiencies or recommendations","No deficiencies or recommendations","No deficiencies or recommendations","No deficiencies or recommendations","No deficiencies or recommendations","Not evaluated","N/A - No DWSRF",0,"0",NA,NA,NA,NA,NA,NA,NA,NA,NA,NA,"Data Not Available","Data Not Available","Data Not Available","Data Not Available","Data Not Available","Data Not Available","Data Not Available","Data Not Available","	
https://echo.epa.gov/detailed-facility-report?fid=110012831016"
"44846","Plantation Manor- Papaya","VI0000236","110012831016","Region 2","0","","St. Thomas Island","","000","030","Territory","US Virgin Islands","Community water system","Private","N","N","Groundwater",32,"<=500",1,"2026Q2",0,"0",0,"0","No HBV Identified",1,"1-5","Lead and Copper Rule Revisions",0,"0",0,"0",1,"1-5",0,"0","N",0,"0",0,"0","Did not report any required service line types",NA,NA,NA,NA,NA,"N","N",NA,"N",3674774-10-13,"Y","Sanitary Survey, Complete","N","N","No deficiencies or recommendations","No deficiencies or recommendations","No deficiencies or recommendations","No deficiencies or recommendations","Not Applicable","No deficiencies or recommendations","No deficiencies or recommendations","No deficiencies or recommendations","No deficiencies or recommendations","No deficiencies or recommendations","Not evaluated","N/A - No DWSRF",0,"0",NA,NA,NA,NA,NA,NA,NA,NA,NA,NA,"Data Not Available","Data Not Available","Data Not Available","Data Not Available","Data Not Available","Data Not Available","Data Not Available","Data Not Available","	
https://echo.epa.gov/detailed-facility-report?fid=110012831016"
"44847","Plantation Manor- Poinsetta","VI0000237","110012831016","Region 2","0","","St. Thomas Island","","000","030","Territory","US Virgin Islands","Community water system","Private","N","N","Groundwater",42,"<=500",1,"2026Q2",0,"0",0,"0","No HBV Identified",1,"1-5","Lead and Copper Rule Revisions",0,"0",0,"0",1,"1-5",0,"0","N",0,"0",0,"0","Did not report any required service line types",NA,NA,NA,NA,NA,"N","N",NA,"N",3674774-10-13,"Y","Sanitary Survey, Complete","N","N","No deficiencies or recommendations","No deficiencies or recommendations","No deficiencies or recommendations","No deficiencies or recommendations","Not Applicable","No deficiencies or recommendations","No deficiencies or recommendations","No deficiencies or recommendations","No deficiencies or recommendations","No deficiencies or recommendations","Not evaluated","N/A - No DWSRF",0,"0",NA,NA,NA,NA,NA,NA,NA,NA,NA,NA,"Data Not Available","Data Not Available","Data Not Available","Data Not Available","Data Not Available","Data Not Available","Data Not Available","Data Not Available","	
https://echo.epa.gov/detailed-facility-report?fid=110012831016"
"44848","Point Pleasant Resort","VI0000271","110010135022","Region 2","0","","St. Thomas Island","","000","030","Territory","US Virgin Islands","Community water system","Private","N","N","Groundwater",273,"<=500",1,"2026Q2",2,"1-10",1,"1-5","Lead and Copper Rule Revisions",1,"1-5","Lead and Copper Rule Revisions",0,"0",0,"0",1,"1-5",0,"0","N",0,"0",0,"0","Did not report any required service line types",NA,NA,NA,NA,NA,"N","N",NA,"N",3333189-02-14,"Y","Sanitary Survey, Complete","N","N","No deficiencies or recommendations","No deficiencies or recommendations","No deficiencies or recommendations","No deficiencies or recommendations","Not Applicable","No deficiencies or recommendations","No deficiencies or recommendations","No deficiencies or recommendations","No deficiencies or recommendations","No deficiencies or recommendations","Not evaluated","N/A - No DWSRF",0,"0",NA,NA,NA,NA,NA,NA,NA,NA,NA,NA,"Data Not Available","Data Not Available","Data Not Available","Data Not Available","Data Not Available","Data Not Available","Data Not Available","Data Not Available","	
https://echo.epa.gov/detailed-facility-report?fid=110010135022"
"44849","Cane Brake Apartments","VI0000305","110012831070","Region 2","0","","St. Croix Island","","000","010","Territory","US Virgin Islands","Community water system","Private","N","N","Groundwater",177,"<=500",2,"2026Q2",2,"1-10",1,"1-5","Lead and Copper Rule Revisions",1,"1-5","Lead and Copper Rule Revisions",0,"0",0,"0",1,"1-5",0,"0","Y",2,"1-3",0,"0","Reported all required service line types",0,0,0,8,8,"N","N",NA,"N",3274060-03-09,"Y","Sanitary Survey, Complete","N","N","No deficiencies or recommendations","No deficiencies or recommendations","No deficiencies or recommendations","No deficiencies or recommendations","Not Applicable","No deficiencies or recommendations","No deficiencies or recommendations","No deficiencies or recommendations","No deficiencies or recommendations","No deficiencies or recommendations","Not evaluated","N/A - No DWSRF",0,"0",NA,NA,NA,NA,NA,NA,NA,NA,NA,NA,"Data Not Available","Data Not Available","Data Not Available","Data Not Available","Data Not Available","Data Not Available","Data Not Available","Data Not Available","	
https://echo.epa.gov/detailed-facility-report?fid=110012831070"
"44850","Estate Carlton Condos","VI0000335","110047315142","Region 2","0","ESTATE CARLTON","St. Croix Island","","000","010","Territory","US Virgin Islands","Community water system","Private","N","N","Groundwater",80,"<=500",1,"2026Q2",0,"0",0,"0","No HBV Identified",1,"1-5","Lead and Copper Rule Revisions",0,"0",0,"0",1,"1-5",0,"0","Y",2,"1-3",0,"0","Reported all required service line types",0,0,0,7,7,"N","N",NA,"N",3906598-11-04,"Y","Sanitary Survey, Complete","N","N","No deficiencies or recommendations","No deficiencies or recommendations","No deficiencies or recommendations","No deficiencies or recommendations","Not Applicable","No deficiencies or recommendations","No deficiencies or recommendations","Minor deficiencies","Minor deficiencies","No deficiencies or recommendations","Not evaluated","N/A - No DWSRF",0,"0",NA,NA,NA,NA,NA,NA,NA,NA,NA,NA,"Data Not Available","Data Not Available","Data Not Available","Data Not Available","Data Not Available","Data Not Available","Data Not Available","Data Not Available","	
https://echo.epa.gov/detailed-facility-report?fid=110047315142"
"44851","Granda Del Mar","VI0000342","110049926407","Region 2","0","","St. Croix Island","","000","010","Territory","US Virgin Islands","Community water system","Private","N","N","Groundwater",40,"<=500",36,"2026Q2",2,"1-10",1,"1-5","Lead and Copper Rule Revisions",1,"1-5","Lead and Copper Rule Revisions",0,"0",0,"0",1,"1-5",0,"0","N",0,"0",0,"0","Did not report any required service line types",NA,NA,NA,NA,NA,"N","N",NA,"N",3790223-07-24,"Y","Sanitary Survey, Complete","N","N","No deficiencies or recommendations","No deficiencies or recommendations","No deficiencies or recommendations","No deficiencies or recommendations","Not Applicable","No deficiencies or recommendations","No deficiencies or recommendations","No deficiencies or recommendations","No deficiencies or recommendations","No deficiencies or recommendations","Not evaluated","N/A - No DWSRF",0,"0",NA,NA,NA,NA,NA,NA,NA,NA,NA,NA,"Data Not Available","Data Not Available","Data Not Available","Data Not Available","Data Not Available","Data Not Available","Data Not Available","Data Not Available","	
https://echo.epa.gov/detailed-facility-report?fid=110049926407"
"44852","Ocean Point Terminals","VI0000349","110071301064","Region 2","0","","St. Croix Island","","000","010","Territory","US Virgin Islands","Community water system","Private","N","N","Surface water",2500,"501-3,300",5,"2026Q2",2,"1-10",1,"1-5","Lead and Copper Rule Revisions",1,"1-5","Lead and Copper Rule Revisions",0,"0",0,"0",1,"1-5",0,"0","N",0,"0",0,"0","Did not report any required service line types",NA,NA,NA,NA,NA,"N","N",NA,"N",3436090-08-14,"Y","Sanitary Survey, Complete","N","N","No deficiencies or recommendations","No deficiencies or recommendations","No deficiencies or recommendations","No deficiencies or recommendations","Not Applicable","No deficiencies or recommendations","No deficiencies or recommendations","No deficiencies or recommendations","No deficiencies or recommendations","No deficiencies or recommendations","Not evaluated","N/A - No DWSRF",0,"0",NA,NA,NA,NA,NA,NA,NA,NA,NA,NA,"Data Not Available","Data Not Available","Data Not Available","Data Not Available","Data Not Available","Data Not Available","Data Not Available","Data Not Available","	
https://echo.epa.gov/detailed-facility-report?fid=110071301064"
"44853","Water And Power Authority - STT","VI0000443","110072135720","Region 2","0","","St. Thomas Island","","000","030","Territory","US Virgin Islands","Community water system","State or Territorial Government","N","N","Surface water",34000,"10,001-100,000",1,"2026Q2",2,"1-10",1,"1-5","Lead and Copper Rule Revisions",1,"1-5","Lead and Copper Rule Revisions",0,"0",0,"0",1,"1-5",0,"0","N",0,"0",0,"0","Reported all required service line types",6816,0,0,0,6816,"N","N",NA,"N",3608066-03-23,"Y","Sanitary Survey, Complete","N","N","No deficiencies or recommendations","No deficiencies or recommendations","No deficiencies or recommendations","No deficiencies or recommendations","Not Applicable","No deficiencies or recommendations","No deficiencies or recommendations","No deficiencies or recommendations","No deficiencies or recommendations","No deficiencies or recommendations","Not evaluated","N/A - No DWSRF",0,"0",NA,NA,NA,NA,NA,NA,NA,NA,NA,NA,"Data Not Available","Data Not Available","Data Not Available","Data Not Available","Data Not Available","Data Not Available","Data Not Available","Data Not Available","	
https://echo.epa.gov/detailed-facility-report?fid=110072135720"
"44854","Sapphire Vill.condos (West)","VI1000030","110009766967","Region 2","0","","St. Thomas Island","","000","030","Territory","US Virgin Islands","Community water system","Private","N","N","Groundwater",225,"<=500",1,"2026Q2",2,"1-10",1,"1-5","Lead and Copper Rule Revisions",1,"1-5","Lead and Copper Rule Revisions",0,"0",0,"0",1,"1-5",0,"0","N",0,"0",0,"0","Did not report any required service line types",NA,NA,NA,NA,NA,"N","N",NA,"N",NA,"Y","Record Not Available or Not Reported to EPA","Record Not Available or Not Reported to EPA","Record Not Available or Not Reported to EPA","Record Not Available or Not Reported to EPA","Record Not Available or Not Reported to EPA","Record Not Available or Not Reported to EPA","Record Not Available or Not Reported to EPA","Record Not Available or Not Reported to EPA","Record Not Available or Not Reported to EPA","Record Not Available or Not Reported to EPA","Record Not Available or Not Reported to EPA","Record Not Available or Not Reported to EPA","Record Not Available or Not Reported to EPA","Record Not Available or Not Reported to EPA","N/A - No DWSRF",0,"0",NA,NA,NA,NA,NA,NA,NA,NA,NA,NA,"Data Not Available","Data Not Available","Data Not Available","Data Not Available","Data Not Available","Data Not Available","Data Not Available","Data Not Available","	
https://echo.epa.gov/detailed-facility-report?fid=110009766967"
"44855","Criminal Justice Complex","VI1000044","110012831338","Region 2","0","","St. Thomas Island","","000","030","Territory","US Virgin Islands","Community water system","State or Territorial Government","N","N","Groundwater",96,"<=500",2,"2026Q2",2,"1-10",1,"1-5","Lead and Copper Rule Revisions",1,"1-5","Lead and Copper Rule Revisions",0,"0",0,"0",1,"1-5",0,"0","N",0,"0",0,"0","Did not report any required service line types",NA,NA,NA,NA,NA,"N","N",NA,"N",3311426-01-18,"Y","Sanitary Survey, Complete","N","N","No deficiencies or recommendations","No deficiencies or recommendations","No deficiencies or recommendations","No deficiencies or recommendations","Not Applicable","No deficiencies or recommendations","No deficiencies or recommendations","No deficiencies or recommendations","No deficiencies or recommendations","No deficiencies or recommendations","Not evaluated","N/A - No DWSRF",0,"0",NA,NA,NA,NA,NA,NA,NA,NA,NA,NA,"Data Not Available","Data Not Available","Data Not Available","Data Not Available","Data Not Available","Data Not Available","Data Not Available","Data Not Available","	
https://echo.epa.gov/detailed-facility-report?fid=110012831338"
"44856","Watergate West B-18 Sea Cliff Villas","VI1000046","110024279029","Region 2","0","","St. Thomas Island","","000","030","Territory","US Virgin Islands","Community water system","Private","N","N","Groundwater",61,"<=500",1,"2026Q2",2,"1-10",1,"1-5","Lead and Copper Rule Revisions",1,"1-5","Lead and Copper Rule Revisions",0,"0",0,"0",1,"1-5",0,"0","N",0,"0",0,"0","Did not report any required service line types",NA,NA,NA,NA,NA,"N","N",NA,"N",NA,"Y","Record Not Available or Not Reported to EPA","Record Not Available or Not Reported to EPA","Record Not Available or Not Reported to EPA","Record Not Available or Not Reported to EPA","Record Not Available or Not Reported to EPA","Record Not Available or Not Reported to EPA","Record Not Available or Not Reported to EPA","Record Not Available or Not Reported to EPA","Record Not Available or Not Reported to EPA","Record Not Available or Not Reported to EPA","Record Not Available or Not Reported to EPA","Record Not Available or Not Reported to EPA","Record Not Available or Not Reported to EPA","Record Not Available or Not Reported to EPA","N/A - No DWSRF",0,"0",NA,NA,NA,NA,NA,NA,NA,NA,NA,NA,"Data Not Available","Data Not Available","Data Not Available","Data Not Available","Data Not Available","Data Not Available","Data Not Available","Data Not Available","	
https://echo.epa.gov/detailed-facility-report?fid=110024279029"
"44857","Watergate West B-21 Sea Cliff Villas","VI1000047","110022501498","Region 2","0","","St. Thomas Island","","000","030","Territory","US Virgin Islands","Community water system","Private","N","N","Groundwater",45,"<=500",1,"2026Q2",2,"1-10",1,"1-5","Lead and Copper Rule Revisions",1,"1-5","Lead and Copper Rule Revisions",0,"0",0,"0",1,"1-5",1,"1-5","N",0,"0",0,"0","Did not report any required service line types",NA,NA,NA,NA,NA,"N","N",NA,"N",NA,"Y","Record Not Available or Not Reported to EPA","Record Not Available or Not Reported to EPA","Record Not Available or Not Reported to EPA","Record Not Available or Not Reported to EPA","Record Not Available or Not Reported to EPA","Record Not Available or Not Reported to EPA","Record Not Available or Not Reported to EPA","Record Not Available or Not Reported to EPA","Record Not Available or Not Reported to EPA","Record Not Available or Not Reported to EPA","Record Not Available or Not Reported to EPA","Record Not Available or Not Reported to EPA","Record Not Available or Not Reported to EPA","Record Not Available or Not Reported to EPA","N/A - No DWSRF",0,"0",NA,NA,NA,NA,NA,NA,NA,NA,NA,NA,"Data Not Available","Data Not Available","Data Not Available","Data Not Available","Data Not Available","Data Not Available","Data Not Available","Data Not Available","	
https://echo.epa.gov/detailed-facility-report?fid=110022501498"
"44858","Watergate West B-22 Sea Cliff Villas","VI1000048","110024279029","Region 2","0","","St. Thomas Island","","000","030","Territory","US Virgin Islands","Community water system","Private","N","N","Groundwater",35,"<=500",1,"2026Q2",2,"1-10",1,"1-5","Lead and Copper Rule Revisions",1,"1-5","Lead and Copper Rule Revisions",0,"0",0,"0",1,"1-5",0,"0","N",0,"0",0,"0","Did not report any required service line types",NA,NA,NA,NA,NA,"N","N",NA,"N",NA,"Y","Record Not Available or Not Reported to EPA","Record Not Available or Not Reported to EPA","Record Not Available or Not Reported to EPA","Record Not Available or Not Reported to EPA","Record Not Available or Not Reported to EPA","Record Not Available or Not Reported to EPA","Record Not Available or Not Reported to EPA","Record Not Available or Not Reported to EPA","Record Not Available or Not Reported to EPA","Record Not Available or Not Reported to EPA","Record Not Available or Not Reported to EPA","Record Not Available or Not Reported to EPA","Record Not Available or Not Reported to EPA","Record Not Available or Not Reported to EPA","N/A - No DWSRF",0,"0",NA,NA,NA,NA,NA,NA,NA,NA,NA,NA,"Data Not Available","Data Not Available","Data Not Available","Data Not Available","Data Not Available","Data Not Available","Data Not Available","Data Not Available","	
https://echo.epa.gov/detailed-facility-report?fid=110024279029"
"44859","Clearview Apts","VI1000052","110010786738","Region 2","0","","St. Thomas Island","","000","030","Territory","US Virgin Islands","Community water system","Private","N","N","Groundwater",44,"<=500",1,"2026Q2",0,"0",0,"0","No HBV Identified",0,"0","No HBV Identified",0,"0",0,"0",0,"0",1,"1-5","N",0,"0",0,"0","Did not report any required service line types",NA,NA,NA,NA,NA,"N","N",NA,"N",NA,"Y","Record Not Available or Not Reported to EPA","Record Not Available or Not Reported to EPA","Record Not Available or Not Reported to EPA","Record Not Available or Not Reported to EPA","Record Not Available or Not Reported to EPA","Record Not Available or Not Reported to EPA","Record Not Available or Not Reported to EPA","Record Not Available or Not Reported to EPA","Record Not Available or Not Reported to EPA","Record Not Available or Not Reported to EPA","Record Not Available or Not Reported to EPA","Record Not Available or Not Reported to EPA","Record Not Available or Not Reported to EPA","Record Not Available or Not Reported to EPA","N/A - No DWSRF",0,"0",NA,NA,NA,NA,NA,NA,NA,NA,NA,NA,"Data Not Available","Data Not Available","Data Not Available","Data Not Available","Data Not Available","Data Not Available","Data Not Available","Data Not Available","	
https://echo.epa.gov/detailed-facility-report?fid=110010786738"
"44860","Dorthea Condo","VI1000072","110014406712","Region 2","0","","St. Thomas Island","","000","030","Territory","US Virgin Islands","Community water system","Private","N","N","Groundwater",110,"<=500",1,"2026Q2",2,"1-10",1,"1-5","Lead and Copper Rule Revisions",1,"1-5","Lead and Copper Rule Revisions",0,"0",0,"0",1,"1-5",1,"1-5","N",0,"0",0,"0","Did not report any required service line types",NA,NA,NA,NA,NA,"N","N",NA,"N",NA,"Y","Record Not Available or Not Reported to EPA","Record Not Available or Not Reported to EPA","Record Not Available or Not Reported to EPA","Record Not Available or Not Reported to EPA","Record Not Available or Not Reported to EPA","Record Not Available or Not Reported to EPA","Record Not Available or Not Reported to EPA","Record Not Available or Not Reported to EPA","Record Not Available or Not Reported to EPA","Record Not Available or Not Reported to EPA","Record Not Available or Not Reported to EPA","Record Not Available or Not Reported to EPA","Record Not Available or Not Reported to EPA","Record Not Available or Not Reported to EPA","N/A - No DWSRF",0,"0",NA,NA,NA,NA,NA,NA,NA,NA,NA,NA,"Data Not Available","Data Not Available","Data Not Available","Data Not Available","Data Not Available","Data Not Available","Data Not Available","Data Not Available","	
https://echo.epa.gov/detailed-facility-report?fid=110014406712"
"44861","Elysian Beach Resort","VI1000080","110009767029","Region 2","0","","St. Thomas Island","","000","030","Territory","US Virgin Islands","Community water system","Private","N","Y","Surface water",197,"<=500",1,"2026Q2",2,"1-10",1,"1-5","Lead and Copper Rule Revisions",1,"1-5","Lead and Copper Rule Revisions",0,"0",0,"0",1,"1-5",0,"0","N",0,"0",0,"0","Did not report any required service line types",NA,NA,NA,NA,NA,"N","N",NA,"N",3672409-03-25,"Y","Sanitary Survey, Complete","N","N","No deficiencies or recommendations","No deficiencies or recommendations","No deficiencies or recommendations","No deficiencies or recommendations","Not Applicable","No deficiencies or recommendations","No deficiencies or recommendations","No deficiencies or recommendations","No deficiencies or recommendations","No deficiencies or recommendations","Not evaluated","N/A - No DWSRF",0,"0",NA,NA,NA,NA,NA,NA,NA,NA,NA,NA,"Data Not Available","Data Not Available","Data Not Available","Data Not Available","Data Not Available","Data Not Available","Data Not Available","Data Not Available","	
https://echo.epa.gov/detailed-facility-report?fid=110009767029"
"44862","Anchorage Condos","VI1000082","110006800792","Region 2","0","","St. Thomas Island","","000","030","Territory","US Virgin Islands","Community water system","Private","N","N","Groundwater",75,"<=500",1,"2026Q2",2,"1-10",1,"1-5","Lead and Copper Rule Revisions",1,"1-5","Lead and Copper Rule Revisions",0,"0",0,"0",1,"1-5",0,"0","N",0,"0",0,"0","Did not report any required service line types",NA,NA,NA,NA,NA,"N","N",NA,"N",3855266-05-16,"Y","Sanitary Survey, Complete","N","N","No deficiencies or recommendations","No deficiencies or recommendations","No deficiencies or recommendations","No deficiencies or recommendations","Not Applicable","No deficiencies or recommendations","No deficiencies or recommendations","No deficiencies or recommendations","No deficiencies or recommendations","No deficiencies or recommendations","Not evaluated","N/A - No DWSRF",0,"0",NA,NA,NA,NA,NA,NA,NA,NA,NA,NA,"Data Not Available","Data Not Available","Data Not Available","Data Not Available","Data Not Available","Data Not Available","Data Not Available","Data Not Available","	
https://echo.epa.gov/detailed-facility-report?fid=110006800792"
"44863","Compass Point Marina","VI1000086","110005292959","Region 2","0","","St. Thomas Island","","000","030","Territory","US Virgin Islands","Community water system","Private","N","N","Groundwater",81,"<=500",1,"2026Q2",2,"1-10",1,"1-5","Lead and Copper Rule Revisions",1,"1-5","Lead and Copper Rule Revisions",0,"0",0,"0",1,"1-5",1,"1-5","N",0,"0",0,"0","Did not report any required service line types",NA,NA,NA,NA,NA,"N","N",NA,"N",3855266-05-16,"Y","Sanitary Survey, Complete","N","N","No deficiencies or recommendations","No deficiencies or recommendations","No deficiencies or recommendations","No deficiencies or recommendations","Not Applicable","No deficiencies or recommendations","No deficiencies or recommendations","No deficiencies or recommendations","No deficiencies or recommendations","No deficiencies or recommendations","Not evaluated","N/A - No DWSRF",0,"0",NA,NA,NA,NA,NA,NA,NA,NA,NA,NA,"Data Not Available","Data Not Available","Data Not Available","Data Not Available","Data Not Available","Data Not Available","Data Not Available","Data Not Available","	
https://echo.epa.gov/detailed-facility-report?fid=110005292959"
"44864","Heritage Hills Condos","VI1000118","110010764020","Region 2","0","","St. Thomas Island","","000","030","Territory","US Virgin Islands","Community water system","Private","N","N","Groundwater",44,"<=500",1,"2026Q2",2,"1-10",1,"1-5","Lead and Copper Rule Revisions",1,"1-5","Lead and Copper Rule Revisions",0,"0",0,"0",1,"1-5",0,"0","N",0,"0",0,"0","Did not report any required service line types",NA,NA,NA,NA,NA,"N","N",NA,"N",NA,"Y","Record Not Available or Not Reported to EPA","Record Not Available or Not Reported to EPA","Record Not Available or Not Reported to EPA","Record Not Available or Not Reported to EPA","Record Not Available or Not Reported to EPA","Record Not Available or Not Reported to EPA","Record Not Available or Not Reported to EPA","Record Not Available or Not Reported to EPA","Record Not Available or Not Reported to EPA","Record Not Available or Not Reported to EPA","Record Not Available or Not Reported to EPA","Record Not Available or Not Reported to EPA","Record Not Available or Not Reported to EPA","Record Not Available or Not Reported to EPA","N/A - No DWSRF",0,"0",NA,NA,NA,NA,NA,NA,NA,NA,NA,NA,"Data Not Available","Data Not Available","Data Not Available","Data Not Available","Data Not Available","Data Not Available","Data Not Available","Data Not Available","	
https://echo.epa.gov/detailed-facility-report?fid=110010764020"
"44865","Watergate West B-24 Sea Cliff Villas","VI1000121","110024279029","Region 2","0","","St. Thomas Island","","000","030","Territory","US Virgin Islands","Community water system","Private","N","N","Groundwater",34,"<=500",1,"2026Q2",2,"1-10",1,"1-5","Lead and Copper Rule Revisions",1,"1-5","Lead and Copper Rule Revisions",0,"0",0,"0",1,"1-5",0,"0","N",0,"0",0,"0","Did not report any required service line types",NA,NA,NA,NA,NA,"N","N",NA,"N",NA,"Y","Record Not Available or Not Reported to EPA","Record Not Available or Not Reported to EPA","Record Not Available or Not Reported to EPA","Record Not Available or Not Reported to EPA","Record Not Available or Not Reported to EPA","Record Not Available or Not Reported to EPA","Record Not Available or Not Reported to EPA","Record Not Available or Not Reported to EPA","Record Not Available or Not Reported to EPA","Record Not Available or Not Reported to EPA","Record Not Available or Not Reported to EPA","Record Not Available or Not Reported to EPA","Record Not Available or Not Reported to EPA","Record Not Available or Not Reported to EPA","N/A - No DWSRF",0,"0",NA,NA,NA,NA,NA,NA,NA,NA,NA,NA,"Data Not Available","Data Not Available","Data Not Available","Data Not Available","Data Not Available","Data Not Available","Data Not Available","Data Not Available","	
https://echo.epa.gov/detailed-facility-report?fid=110024279029"
"44866","Cabrita Point Resort","VI1000131","110010606344","Region 2","0","","St. Thomas Island","","000","030","Territory","US Virgin Islands","Community water system","Private","N","N","Groundwater",40,"<=500",1,"2026Q2",2,"1-10",1,"1-5","Lead and Copper Rule Revisions",1,"1-5","Lead and Copper Rule Revisions",0,"0",0,"0",1,"1-5",0,"0","N",0,"0",0,"0","Did not report any required service line types",NA,NA,NA,NA,NA,"N","N",NA,"N",3863072-09-10,"Y","Sanitary Survey, Complete","N","N","No deficiencies or recommendations","No deficiencies or recommendations","No deficiencies or recommendations","No deficiencies or recommendations","Not Applicable","No deficiencies or recommendations","No deficiencies or recommendations","No deficiencies or recommendations","No deficiencies or recommendations","No deficiencies or recommendations","Not evaluated","N/A - No DWSRF",0,"0",NA,NA,NA,NA,NA,NA,NA,NA,NA,NA,"Data Not Available","Data Not Available","Data Not Available","Data Not Available","Data Not Available","Data Not Available","Data Not Available","Data Not Available","	
https://echo.epa.gov/detailed-facility-report?fid=110010606344"
"44867","St. Thomas Healthcare Management","VI1000138","110010606353","Region 2","0","","St. Thomas Island","","000","030","Territory","US Virgin Islands","Community water system","Private","N","N","Groundwater",128,"<=500",1,"2026Q2",0,"0",0,"0","No HBV Identified",0,"0","No HBV Identified",0,"0",0,"0",0,"0",0,"0","N",0,"0",0,"0","Did not report any required service line types",NA,NA,NA,NA,NA,"N","N",NA,"N",3896200-04-10,"Y","Sanitary Survey, Complete","N","N","No deficiencies or recommendations","No deficiencies or recommendations","No deficiencies or recommendations","No deficiencies or recommendations","Not Applicable","No deficiencies or recommendations","No deficiencies or recommendations","No deficiencies or recommendations","No deficiencies or recommendations","No deficiencies or recommendations","Not evaluated","N/A - No DWSRF",0,"0",NA,NA,NA,NA,NA,NA,NA,NA,NA,NA,"Data Not Available","Data Not Available","Data Not Available","Data Not Available","Data Not Available","Data Not Available","Data Not Available","Data Not Available","	
https://echo.epa.gov/detailed-facility-report?fid=110010606353"
"44868","Fairway Village","VI1000175","110012829859","Region 2","0","","St. Thomas Island","","000","030","Territory","US Virgin Islands","Community water system","Private","N","N","Groundwater",64,"<=500",1,"2026Q2",2,"1-10",1,"1-5","Lead and Copper Rule Revisions",1,"1-5","Lead and Copper Rule Revisions",0,"0",0,"0",1,"1-5",0,"0","N",0,"0",0,"0","Did not report any required service line types",NA,NA,NA,NA,NA,"N","N",NA,"N",3673355-06-14,"Y","Sanitary Survey, Complete","N","N","No deficiencies or recommendations","No deficiencies or recommendations","No deficiencies or recommendations","No deficiencies or recommendations","Not Applicable","No deficiencies or recommendations","No deficiencies or recommendations","No deficiencies or recommendations","No deficiencies or recommendations","No deficiencies or recommendations","Not evaluated","N/A - No DWSRF",0,"0",NA,NA,NA,NA,NA,NA,NA,NA,NA,NA,"Data Not Available","Data Not Available","Data Not Available","Data Not Available","Data Not Available","Data Not Available","Data Not Available","Data Not Available","	
https://echo.epa.gov/detailed-facility-report?fid=110012829859"
"44869","Magens Point Condos","VI1000188","110012829877","Region 2","0","","St. Thomas Island","","000","030","Territory","US Virgin Islands","Community water system","Private","N","N","Groundwater",75,"<=500",1,"2026Q2",2,"1-10",1,"1-5","Lead and Copper Rule Revisions",1,"1-5","Lead and Copper Rule Revisions",0,"0",0,"0",1,"1-5",0,"0","N",0,"0",0,"0","Did not report any required service line types",NA,NA,NA,NA,NA,"N","N",NA,"N",3318286-02-23,"Y","Sanitary Survey, Complete","N","N","No deficiencies or recommendations","No deficiencies or recommendations","No deficiencies or recommendations","No deficiencies or recommendations","Not Applicable","No deficiencies or recommendations","No deficiencies or recommendations","No deficiencies or recommendations","No deficiencies or recommendations","No deficiencies or recommendations","Not evaluated","N/A - No DWSRF",0,"0",NA,NA,NA,NA,NA,NA,NA,NA,NA,NA,"Data Not Available","Data Not Available","Data Not Available","Data Not Available","Data Not Available","Data Not Available","Data Not Available","Data Not Available","	
https://echo.epa.gov/detailed-facility-report?fid=110012829877"
"44870","Ebenezer Garden","VI1000220","110022501602","Region 2","0","","St. Thomas Island","","000","030","Territory","US Virgin Islands","Community water system","Private","N","N","Groundwater",50,"<=500",1,"2026Q2",0,"0",0,"0","No HBV Identified",0,"0","No HBV Identified",0,"0",0,"0",0,"0",0,"0","N",0,"0",0,"0","Did not report any required service line types",NA,NA,NA,NA,NA,"N","N",NA,"N",NA,"Y","Record Not Available or Not Reported to EPA","Record Not Available or Not Reported to EPA","Record Not Available or Not Reported to EPA","Record Not Available or Not Reported to EPA","Record Not Available or Not Reported to EPA","Record Not Available or Not Reported to EPA","Record Not Available or Not Reported to EPA","Record Not Available or Not Reported to EPA","Record Not Available or Not Reported to EPA","Record Not Available or Not Reported to EPA","Record Not Available or Not Reported to EPA","Record Not Available or Not Reported to EPA","Record Not Available or Not Reported to EPA","Record Not Available or Not Reported to EPA","N/A - No DWSRF",0,"0",NA,NA,NA,NA,NA,NA,NA,NA,NA,NA,"Data Not Available","Data Not Available","Data Not Available","Data Not Available","Data Not Available","Data Not Available","Data Not Available","Data Not Available","	
https://echo.epa.gov/detailed-facility-report?fid=110022501602"
"44871","Lovenlund Apartments","VI1000304","110022501611","Region 2","0","","St. Thomas Island","","000","030","Territory","US Virgin Islands","Community water system","Private","N","N","Groundwater",510,"501-3,300",1,"2026Q2",2,"1-10",1,"1-5","Lead and Copper Rule Revisions",1,"1-5","Lead and Copper Rule Revisions",0,"0",0,"0",1,"1-5",0,"0","N",0,"0",0,"0","Did not report any required service line types",NA,NA,NA,NA,NA,"N","N",NA,"N",3833503-04-20,"Y","Sanitary Survey, Complete","N","N","No deficiencies or recommendations","No deficiencies or recommendations","No deficiencies or recommendations","No deficiencies or recommendations","Not Applicable","No deficiencies or recommendations","No deficiencies or recommendations","No deficiencies or recommendations","No deficiencies or recommendations","No deficiencies or recommendations","Not evaluated","N/A - No DWSRF",0,"0",NA,NA,NA,NA,NA,NA,NA,NA,NA,NA,"Data Not Available","Data Not Available","Data Not Available","Data Not Available","Data Not Available","Data Not Available","Data Not Available","Data Not Available","	
https://echo.epa.gov/detailed-facility-report?fid=110022501611"
"44872","Watergate East - RO","VI1000322","110071768958","Region 2","0","","St. Thomas Island","","000","030","Territory","US Virgin Islands","Community water system","Private","N","N","Groundwater",25,"<=500",1,"2026Q2",2,"1-10",1,"1-5","Lead and Copper Rule Revisions",1,"1-5","Lead and Copper Rule Revisions",0,"0",0,"0",1,"1-5",0,"0","N",0,"0",0,"0","Did not report any required service line types",NA,NA,NA,NA,NA,"N","N",NA,"N",NA,"Y","Record Not Available or Not Reported to EPA","Record Not Available or Not Reported to EPA","Record Not Available or Not Reported to EPA","Record Not Available or Not Reported to EPA","Record Not Available or Not Reported to EPA","Record Not Available or Not Reported to EPA","Record Not Available or Not Reported to EPA","Record Not Available or Not Reported to EPA","Record Not Available or Not Reported to EPA","Record Not Available or Not Reported to EPA","Record Not Available or Not Reported to EPA","Record Not Available or Not Reported to EPA","Record Not Available or Not Reported to EPA","Record Not Available or Not Reported to EPA","N/A - No DWSRF",0,"0",NA,NA,NA,NA,NA,NA,NA,NA,NA,NA,"Data Not Available","Data Not Available","Data Not Available","Data Not Available","Data Not Available","Data Not Available","Data Not Available","Data Not Available","	
https://echo.epa.gov/detailed-facility-report?fid=110071768958"
"44873","Calabash Boom Apartments (St. John)","VI1000329","110071768145","Region 2","0","","St. John Island","","000","020","Territory","US Virgin Islands","Community water system","Private","N","N","Groundwater",25,"<=500",1,"2026Q2",2,"1-10",1,"1-5","Lead and Copper Rule Revisions",1,"1-5","Lead and Copper Rule Revisions",0,"0",0,"0",1,"1-5",0,"0","N",0,"0",0,"0","Did not report any required service line types",NA,NA,NA,NA,NA,"N","N",NA,"N",4539383-11-29,"Y","Sanitary Survey, Complete","N","N","No deficiencies or recommendations","No deficiencies or recommendations","No deficiencies or recommendations","No deficiencies or recommendations","Not Applicable","No deficiencies or recommendations","No deficiencies or recommendations","No deficiencies or recommendations","No deficiencies or recommendations","No deficiencies or recommendations","Not evaluated","N/A - No DWSRF",0,"0",NA,NA,NA,NA,NA,NA,NA,NA,NA,NA,"Data Not Available","Data Not Available","Data Not Available","Data Not Available","Data Not Available","Data Not Available","Data Not Available","Data Not Available","	
https://echo.epa.gov/detailed-facility-report?fid=110071768145"
"44874","Patriot Manor","VI1000332","110071767712","Region 2","0","","St. Thomas Island","","000","030","Territory","US Virgin Islands","Community water system","Private","N","N","Groundwater",25,"<=500",1,"2026Q2",2,"1-10",1,"1-5","Lead and Copper Rule Revisions",1,"1-5","Lead and Copper Rule Revisions",0,"0",0,"0",1,"1-5",0,"0","N",0,"0",0,"0","Did not report any required service line types",NA,NA,NA,NA,NA,"N","N",NA,"N",NA,"Y","Record Not Available or Not Reported to EPA","Record Not Available or Not Reported to EPA","Record Not Available or Not Reported to EPA","Record Not Available or Not Reported to EPA","Record Not Available or Not Reported to EPA","Record Not Available or Not Reported to EPA","Record Not Available or Not Reported to EPA","Record Not Available or Not Reported to EPA","Record Not Available or Not Reported to EPA","Record Not Available or Not Reported to EPA","Record Not Available or Not Reported to EPA","Record Not Available or Not Reported to EPA","Record Not Available or Not Reported to EPA","Record Not Available or Not Reported to EPA","N/A - No DWSRF",0,"0",NA,NA,NA,NA,NA,NA,NA,NA,NA,NA,"Data Not Available","Data Not Available","Data Not Available","Data Not Available","Data Not Available","Data Not Available","Data Not Available","Data Not Available","	
https://echo.epa.gov/detailed-facility-report?fid=110071767712"
"44875","Crown View Apts. Bldg A","VI1000341","110071767724","Region 2","0","","St. Thomas Island","","000","030","Territory","US Virgin Islands","Community water system","Private","N","N","Groundwater",25,"<=500",1,"2026Q2",0,"0",0,"0","No HBV Identified",0,"0","No HBV Identified",0,"0",0,"0",0,"0",0,"0","N",0,"0",0,"0","Did not report any required service line types",NA,NA,NA,NA,NA,"N","N",NA,"N",NA,"Y","Record Not Available or Not Reported to EPA","Record Not Available or Not Reported to EPA","Record Not Available or Not Reported to EPA","Record Not Available or Not Reported to EPA","Record Not Available or Not Reported to EPA","Record Not Available or Not Reported to EPA","Record Not Available or Not Reported to EPA","Record Not Available or Not Reported to EPA","Record Not Available or Not Reported to EPA","Record Not Available or Not Reported to EPA","Record Not Available or Not Reported to EPA","Record Not Available or Not Reported to EPA","Record Not Available or Not Reported to EPA","Record Not Available or Not Reported to EPA","N/A - No DWSRF",0,"0",NA,NA,NA,NA,NA,NA,NA,NA,NA,NA,"Data Not Available","Data Not Available","Data Not Available","Data Not Available","Data Not Available","Data Not Available","Data Not Available","Data Not Available","	
https://echo.epa.gov/detailed-facility-report?fid=110071767724"
"44876","Crown View Apts. Bldg B","VI1000342","110071767930","Region 2","0","","St. Thomas Island","","000","030","Territory","US Virgin Islands","Community water system","Private","N","N","Groundwater",25,"<=500",1,"2026Q2",0,"0",0,"0","No HBV Identified",0,"0","No HBV Identified",0,"0",0,"0",0,"0",0,"0","N",0,"0",0,"0","Did not report any required service line types",NA,NA,NA,NA,NA,"N","N",NA,"N",NA,"Y","Record Not Available or Not Reported to EPA","Record Not Available or Not Reported to EPA","Record Not Available or Not Reported to EPA","Record Not Available or Not Reported to EPA","Record Not Available or Not Reported to EPA","Record Not Available or Not Reported to EPA","Record Not Available or Not Reported to EPA","Record Not Available or Not Reported to EPA","Record Not Available or Not Reported to EPA","Record Not Available or Not Reported to EPA","Record Not Available or Not Reported to EPA","Record Not Available or Not Reported to EPA","Record Not Available or Not Reported to EPA","Record Not Available or Not Reported to EPA","N/A - No DWSRF",0,"0",NA,NA,NA,NA,NA,NA,NA,NA,NA,NA,"Data Not Available","Data Not Available","Data Not Available","Data Not Available","Data Not Available","Data Not Available","Data Not Available","Data Not Available","	
https://echo.epa.gov/detailed-facility-report?fid=110071767930"
"44877","Sunset Gardens East","VI1000343","110071768992","Region 2","0","","St. Thomas Island","","000","030","Territory","US Virgin Islands","Community water system","Private","N","N","Groundwater",25,"<=500",1,"2026Q2",0,"0",0,"0","No HBV Identified",0,"0","No HBV Identified",0,"0",0,"0",0,"0",0,"0","N",0,"0",0,"0","Did not report any required service line types",NA,NA,NA,NA,NA,"N","N",NA,"N",NA,"Y","Record Not Available or Not Reported to EPA","Record Not Available or Not Reported to EPA","Record Not Available or Not Reported to EPA","Record Not Available or Not Reported to EPA","Record Not Available or Not Reported to EPA","Record Not Available or Not Reported to EPA","Record Not Available or Not Reported to EPA","Record Not Available or Not Reported to EPA","Record Not Available or Not Reported to EPA","Record Not Available or Not Reported to EPA","Record Not Available or Not Reported to EPA","Record Not Available or Not Reported to EPA","Record Not Available or Not Reported to EPA","Record Not Available or Not Reported to EPA","N/A - No DWSRF",0,"0",NA,NA,NA,NA,NA,NA,NA,NA,NA,NA,"Data Not Available","Data Not Available","Data Not Available","Data Not Available","Data Not Available","Data Not Available","Data Not Available","Data Not Available","	
https://echo.epa.gov/detailed-facility-report?fid=110071768992"
"44878","Water Point","VI1000345","110071767713","Region 2","0","","St. Thomas Island","","000","030","Territory","US Virgin Islands","Community water system","Private","N","N","Groundwater",25,"<=500",1,"2026Q2",2,"1-10",1,"1-5","Lead and Copper Rule Revisions",1,"1-5","Lead and Copper Rule Revisions",0,"0",0,"0",1,"1-5",0,"0","N",0,"0",0,"0","Did not report any required service line types",NA,NA,NA,NA,NA,"N","N",NA,"N",NA,"Y","Record Not Available or Not Reported to EPA","Record Not Available or Not Reported to EPA","Record Not Available or Not Reported to EPA","Record Not Available or Not Reported to EPA","Record Not Available or Not Reported to EPA","Record Not Available or Not Reported to EPA","Record Not Available or Not Reported to EPA","Record Not Available or Not Reported to EPA","Record Not Available or Not Reported to EPA","Record Not Available or Not Reported to EPA","Record Not Available or Not Reported to EPA","Record Not Available or Not Reported to EPA","Record Not Available or Not Reported to EPA","Record Not Available or Not Reported to EPA","N/A - No DWSRF",0,"0",NA,NA,NA,NA,NA,NA,NA,NA,NA,NA,"Data Not Available","Data Not Available","Data Not Available","Data Not Available","Data Not Available","Data Not Available","Data Not Available","Data Not Available","	
https://echo.epa.gov/detailed-facility-report?fid=110071767713"
"44879","Sugar Estates Senior Residence","VI1000351","110071769032","Region 2","0","","St. Thomas Island","","000","030","Territory","US Virgin Islands","Community water system","Private","N","N","Groundwater",25,"<=500",1,"2026Q2",2,"1-10",1,"1-5","Lead and Copper Rule Revisions",1,"1-5","Lead and Copper Rule Revisions",0,"0",0,"0",1,"1-5",0,"0","N",0,"0",0,"0","Did not report any required service line types",NA,NA,NA,NA,NA,"N","N",NA,"N",NA,"Y","Record Not Available or Not Reported to EPA","Record Not Available or Not Reported to EPA","Record Not Available or Not Reported to EPA","Record Not Available or Not Reported to EPA","Record Not Available or Not Reported to EPA","Record Not Available or Not Reported to EPA","Record Not Available or Not Reported to EPA","Record Not Available or Not Reported to EPA","Record Not Available or Not Reported to EPA","Record Not Available or Not Reported to EPA","Record Not Available or Not Reported to EPA","Record Not Available or Not Reported to EPA","Record Not Available or Not Reported to EPA","Record Not Available or Not Reported to EPA","N/A - No DWSRF",0,"0",NA,NA,NA,NA,NA,NA,NA,NA,NA,NA,"Data Not Available","Data Not Available","Data Not Available","Data Not Available","Data Not Available","Data Not Available","Data Not Available","Data Not Available","	
https://echo.epa.gov/detailed-facility-report?fid=110071769032"
"44880","Magens Junction","VI1000354","110071769092","Region 2","0","","St. Thomas Island","","000","030","Territory","US Virgin Islands","Community water system","Private","N","N","Groundwater",25,"<=500",1,"2026Q2",2,"1-10",1,"1-5","Lead and Copper Rule Revisions",1,"1-5","Lead and Copper Rule Revisions",0,"0",0,"0",1,"1-5",0,"0","N",0,"0",0,"0","Did not report any required service line types",NA,NA,NA,NA,NA,"N","N",NA,"N",NA,"Y","Record Not Available or Not Reported to EPA","Record Not Available or Not Reported to EPA","Record Not Available or Not Reported to EPA","Record Not Available or Not Reported to EPA","Record Not Available or Not Reported to EPA","Record Not Available or Not Reported to EPA","Record Not Available or Not Reported to EPA","Record Not Available or Not Reported to EPA","Record Not Available or Not Reported to EPA","Record Not Available or Not Reported to EPA","Record Not Available or Not Reported to EPA","Record Not Available or Not Reported to EPA","Record Not Available or Not Reported to EPA","Record Not Available or Not Reported to EPA","N/A - No DWSRF",0,"0",NA,NA,NA,NA,NA,NA,NA,NA,NA,NA,"Data Not Available","Data Not Available","Data Not Available","Data Not Available","Data Not Available","Data Not Available","Data Not Available","Data Not Available","	
https://echo.epa.gov/detailed-facility-report?fid=110071769092"
"44881","Walter IM Hodge Pavillion","VI1000700","110072079202","Region 2","Data not available","Data not available","Data not available","Data not applicable","Data not applicable","Data not available","Territory","US Virgin Islands","Community water system","Public/Private","N","N","Groundwater",633,"501-3,300",1,"2026Q2",0,"0",0,"0","No HBV Identified",0,"0","No HBV Identified",0,"0",0,"0",0,"0",0,"0","N",0,"0",0,"0","Did not report any required service line types",NA,NA,NA,NA,NA,"N","N",NA,"N",NA,"Y","Record Not Available or Not Reported to EPA","Record Not Available or Not Reported to EPA","Record Not Available or Not Reported to EPA","Record Not Available or Not Reported to EPA","Record Not Available or Not Reported to EPA","Record Not Available or Not Reported to EPA","Record Not Available or Not Reported to EPA","Record Not Available or Not Reported to EPA","Record Not Available or Not Reported to EPA","Record Not Available or Not Reported to EPA","Record Not Available or Not Reported to EPA","Record Not Available or Not Reported to EPA","Record Not Available or Not Reported to EPA","Record Not Available or Not Reported to EPA","N/A - No DWSRF",0,"0",NA,NA,NA,NA,NA,NA,NA,NA,NA,NA,"Data Not Available","Data Not Available","Data Not Available","Data Not Available","Data Not Available","Data Not Available","Data Not Available","Data Not Available","	
https://echo.epa.gov/detailed-facility-report?fid=110072079202"
"44882","Peppertree Terrace Trailer Park","VI2000029","110010787087","Region 2","0","ESTATE DIAMOND","St. Croix Island","","000","010","Territory","US Virgin Islands","Community water system","Private","N","N","Groundwater",267,"<=500",1,"2026Q2",0,"0",0,"0","No HBV Identified",0,"0","No HBV Identified",0,"0",0,"0",0,"0",0,"0","N",0,"0",0,"0","Reported all required service line types",0,0,0,120,120,"N","N",NA,"N",3943974-07-24,"Y","Sanitary Survey, Complete","Y","N","No deficiencies or recommendations","No deficiencies or recommendations","No deficiencies or recommendations","No deficiencies or recommendations","Not Applicable","No deficiencies or recommendations","Significant deficiencies","No deficiencies or recommendations","Significant deficiencies","No deficiencies or recommendations","Not evaluated","N/A - No DWSRF",0,"0",NA,NA,NA,NA,NA,NA,NA,NA,NA,NA,"Data Not Available","Data Not Available","Data Not Available","Data Not Available","Data Not Available","Data Not Available","Data Not Available","Data Not Available","	
https://echo.epa.gov/detailed-facility-report?fid=110010787087"
"44883","Peter Farm Condo","VI3000020","110047113814","Region 2","0","","St. Croix Island","","000","010","Territory","US Virgin Islands","Community water system","Private","N","N","Groundwater",42,"<=500",1,"2026Q2",0,"0",0,"0","No HBV Identified",0,"0","No HBV Identified",0,"0",0,"0",0,"0",0,"0","N",0,"0",0,"0","Reported all required service line types",0,0,0,3,3,"N","N",NA,"N",NA,"Y","Record Not Available or Not Reported to EPA","Record Not Available or Not Reported to EPA","Record Not Available or Not Reported to EPA","Record Not Available or Not Reported to EPA","Record Not Available or Not Reported to EPA","Record Not Available or Not Reported to EPA","Record Not Available or Not Reported to EPA","Record Not Available or Not Reported to EPA","Record Not Available or Not Reported to EPA","Record Not Available or Not Reported to EPA","Record Not Available or Not Reported to EPA","Record Not Available or Not Reported to EPA","Record Not Available or Not Reported to EPA","Record Not Available or Not Reported to EPA","N/A - No DWSRF",0,"0",NA,NA,NA,NA,NA,NA,NA,NA,NA,NA,"Data Not Available","Data Not Available","Data Not Available","Data Not Available","Data Not Available","Data Not Available","Data Not Available","Data Not Available","	
https://echo.epa.gov/detailed-facility-report?fid=110047113814"
"44884","Herbert Grigg LTC","VI3000025","110012877609","Region 2","0","","St. Croix Island","","000","010","Territory","US Virgin Islands","Community water system","State or Territorial Government","N","N","Groundwater",106,"<=500",1,"2026Q2",7,"1-10",1,"1-5","Lead and Copper Rule Revisions",1,"1-5","Lead and Copper Rule Revisions",0,"0",0,"0",8,"6-10",2,"1-5","N",0,"0",0,"0","Did not report any required service line types",NA,NA,NA,NA,NA,"Y","N",NA,"N",3866857-07-29,"Y","Sanitary Survey, Complete","N","N","No deficiencies or recommendations","No deficiencies or recommendations","No deficiencies or recommendations","No deficiencies or recommendations","Not Applicable","No deficiencies or recommendations","No deficiencies or recommendations","No deficiencies or recommendations","No deficiencies or recommendations","No deficiencies or recommendations","Not evaluated","N/A - No DWSRF",0,"0",NA,NA,NA,NA,NA,NA,NA,NA,NA,NA,"Data Not Available","Data Not Available","Data Not Available","Data Not Available","Data Not Available","Data Not Available","Data Not Available","Data Not Available","	
https://echo.epa.gov/detailed-facility-report?fid=110012877609"
"44885","Questa Verde D-B","VI3000049","110012830017","Region 2","0","","St. Croix Island","","000","010","Territory","US Virgin Islands","Community water system","Private","N","N","Groundwater",59,"<=500",1,"2026Q2",0,"0",0,"0","No HBV Identified",1,"1-5","Lead and Copper Rule Revisions",0,"0",0,"0",1,"1-5",0,"0","N",0,"0",0,"0","Reported all required service line types",0,0,0,150,150,"N","N",NA,"N",NA,"Y","Record Not Available or Not Reported to EPA","Record Not Available or Not Reported to EPA","Record Not Available or Not Reported to EPA","Record Not Available or Not Reported to EPA","Record Not Available or Not Reported to EPA","Record Not Available or Not Reported to EPA","Record Not Available or Not Reported to EPA","Record Not Available or Not Reported to EPA","Record Not Available or Not Reported to EPA","Record Not Available or Not Reported to EPA","Record Not Available or Not Reported to EPA","Record Not Available or Not Reported to EPA","Record Not Available or Not Reported to EPA","Record Not Available or Not Reported to EPA","N/A - No DWSRF",0,"0",NA,NA,NA,NA,NA,NA,NA,NA,NA,NA,"Data Not Available","Data Not Available","Data Not Available","Data Not Available","Data Not Available","Data Not Available","Data Not Available","Data Not Available","	
https://echo.epa.gov/detailed-facility-report?fid=110012830017"
"44886","Questa Verde M-N","VI3000050","110012830035","Region 2","0","","St. Croix Island","","000","010","Territory","US Virgin Islands","Community water system","Private","N","N","Groundwater",25,"<=500",1,"2026Q2",0,"0",0,"0","No HBV Identified",1,"1-5","Lead and Copper Rule Revisions",0,"0",0,"0",1,"1-5",0,"0","N",0,"0",0,"0","Reported all required service line types",0,0,0,84,84,"N","N",NA,"N",4411180-11-13,"Y","Sanitary Survey, Complete","N","Y","Significant deficiencies","No deficiencies or recommendations","No deficiencies or recommendations","No deficiencies or recommendations","Not Applicable","No deficiencies or recommendations","No deficiencies or recommendations","No deficiencies or recommendations","No deficiencies or recommendations","No deficiencies or recommendations","Not evaluated","N/A - No DWSRF",0,"0",NA,NA,NA,NA,NA,NA,NA,NA,NA,NA,"Data Not Available","Data Not Available","Data Not Available","Data Not Available","Data Not Available","Data Not Available","Data Not Available","Data Not Available","	
https://echo.epa.gov/detailed-facility-report?fid=110012830035"
"44887","Questa Verde K-L","VI3000051","110012877832","Region 2","0","","St. Croix Island","","000","010","Territory","US Virgin Islands","Community water system","Private","N","N","Groundwater",28,"<=500",1,"2026Q2",0,"0",0,"0","No HBV Identified",1,"1-5","Lead and Copper Rule Revisions",0,"0",0,"0",1,"1-5",0,"0","N",0,"0",0,"0","Reported all required service line types",0,0,0,106,106,"N","N",NA,"N",3596711-07-31,"Y","Sanitary Survey, Complete","N","N","No deficiencies or recommendations","No deficiencies or recommendations","No deficiencies or recommendations","No deficiencies or recommendations","Not Applicable","No deficiencies or recommendations","No deficiencies or recommendations","No deficiencies or recommendations","No deficiencies or recommendations","No deficiencies or recommendations","Not evaluated","N/A - No DWSRF",0,"0",NA,NA,NA,NA,NA,NA,NA,NA,NA,NA,"Data Not Available","Data Not Available","Data Not Available","Data Not Available","Data Not Available","Data Not Available","Data Not Available","Data Not Available","	
https://echo.epa.gov/detailed-facility-report?fid=110012877832"
"44888","Fort Louise Augusta Condos","VI3000062","110012830151","Region 2","0","","St. Croix Island","","000","010","Territory","US Virgin Islands","Community water system","Private","N","N","Groundwater",30,"<=500",1,"2026Q2",2,"1-10",1,"1-5","Lead and Copper Rule Revisions",1,"1-5","Lead and Copper Rule Revisions",0,"0",0,"0",1,"1-5",0,"0","N",0,"0",0,"0","Did not report any required service line types",NA,NA,NA,NA,NA,"N","N",NA,"N",3858105-01-13,"Y","Sanitary Survey, Complete","N","N","No deficiencies or recommendations","No deficiencies or recommendations","No deficiencies or recommendations","No deficiencies or recommendations","Not Applicable","No deficiencies or recommendations","No deficiencies or recommendations","No deficiencies or recommendations","No deficiencies or recommendations","No deficiencies or recommendations","Not evaluated","N/A - No DWSRF",0,"0",NA,NA,NA,NA,NA,NA,NA,NA,NA,NA,"Data Not Available","Data Not Available","Data Not Available","Data Not Available","Data Not Available","Data Not Available","Data Not Available","Data Not Available","	
https://echo.epa.gov/detailed-facility-report?fid=110012830151"
"44889","Stx. Mutual Homes 14/15","VI3000463","110012830339","Region 2","0","","St. Croix Island","","000","010","Territory","US Virgin Islands","Community water system","Private","N","N","Groundwater",118,"<=500",1,"2026Q2",0,"0",0,"0","No HBV Identified",1,"1-5","Lead and Copper Rule Revisions",0,"0",0,"0",5,"1-5",0,"0","N",0,"0",0,"0","Reported all required service line types",0,0,126,0,126,"N","N",NA,"N",3858341-08-04,"Y","Sanitary Survey, Complete","N","N","No deficiencies or recommendations","No deficiencies or recommendations","No deficiencies or recommendations","No deficiencies or recommendations","Not Applicable","No deficiencies or recommendations","No deficiencies or recommendations","No deficiencies or recommendations","No deficiencies or recommendations","No deficiencies or recommendations","Not evaluated","N/A - No DWSRF",0,"0",NA,NA,NA,NA,NA,NA,NA,NA,NA,NA,"Data Not Available","Data Not Available","Data Not Available","Data Not Available","Data Not Available","Data Not Available","Data Not Available","Data Not Available","	
https://echo.epa.gov/detailed-facility-report?fid=110012830339"
"44890","Stx. Mutual Homes 21/26","VI3000464","110012830339","Region 2","0","","St. Croix Island","","000","010","Territory","US Virgin Islands","Community water system","Private","N","N","Groundwater",119,"<=500",1,"2026Q2",0,"0",0,"0","No HBV Identified",0,"0","No HBV Identified",0,"0",0,"0",4,"1-5",1,"1-5","Y",1,"1-3",0,"0","Reported all required service line types",0,0,162,0,162,"N","N",NA,"N",3858341-08-04,"Y","Sanitary Survey, Complete","N","N","No deficiencies or recommendations","No deficiencies or recommendations","No deficiencies or recommendations","No deficiencies or recommendations","Not Applicable","No deficiencies or recommendations","No deficiencies or recommendations","No deficiencies or recommendations","No deficiencies or recommendations","No deficiencies or recommendations","Not evaluated","N/A - No DWSRF",0,"0",NA,NA,NA,NA,NA,NA,NA,NA,NA,NA,"Data Not Available","Data Not Available","Data Not Available","Data Not Available","Data Not Available","Data Not Available","Data Not Available","Data Not Available","	
https://echo.epa.gov/detailed-facility-report?fid=110012830339"
"44891","Stx. Mutual Homes 36","VI3000465","110012830339","Region 2","0","","St. Croix Island","","000","010","Territory","US Virgin Islands","Community water system","Private","N","N","Groundwater",197,"<=500",1,"2026Q2",0,"0",0,"0","No HBV Identified",1,"1-5","Lead and Copper Rule Revisions",0,"0",0,"0",5,"1-5",0,"0","N",0,"0",1,"1-3","Reported all required service line types",0,0,288,0,288,"N","N",NA,"N",3858341-08-04,"Y","Sanitary Survey, Complete","N","N","No deficiencies or recommendations","No deficiencies or recommendations","No deficiencies or recommendations","No deficiencies or recommendations","Not Applicable","No deficiencies or recommendations","No deficiencies or recommendations","No deficiencies or recommendations","No deficiencies or recommendations","No deficiencies or recommendations","Not evaluated","N/A - No DWSRF",0,"0",NA,NA,NA,NA,NA,NA,NA,NA,NA,NA,"Data Not Available","Data Not Available","Data Not Available","Data Not Available","Data Not Available","Data Not Available","Data Not Available","Data Not Available","	
https://echo.epa.gov/detailed-facility-report?fid=110012830339"
"44892","Stx. Mutual Homes 44/53","VI3000466","110012830339","Region 2","0","","St. Croix Island","","000","010","Territory","US Virgin Islands","Community water system","Private","N","N","Groundwater",86,"<=500",1,"2026Q2",0,"0",0,"0","No HBV Identified",1,"1-5","Lead and Copper Rule Revisions",0,"0",0,"0",5,"1-5",0,"0","N",0,"0",0,"0","Reported all required service line types",108,0,0,0,108,"N","N",NA,"N",3858341-08-04,"Y","Sanitary Survey, Complete","N","N","No deficiencies or recommendations","No deficiencies or recommendations","No deficiencies or recommendations","No deficiencies or recommendations","Not Applicable","No deficiencies or recommendations","No deficiencies or recommendations","No deficiencies or recommendations","No deficiencies or recommendations","No deficiencies or recommendations","Not evaluated","N/A - No DWSRF",0,"0",NA,NA,NA,NA,NA,NA,NA,NA,NA,NA,"Data Not Available","Data Not Available","Data Not Available","Data Not Available","Data Not Available","Data Not Available","Data Not Available","Data Not Available","	
https://echo.epa.gov/detailed-facility-report?fid=110012830339"
"44893","Stx. Mutual Homes 54/60","VI3000467","110012830339","Region 2","0","","St. Croix Island","","000","010","Territory","US Virgin Islands","Community water system","Private","N","N","Groundwater",150,"<=500",1,"2026Q2",1,"1-10",0,"0","No HBV Identified",1,"1-5","Lead and Copper Rule Revisions",0,"0",0,"0",3,"1-5",1,"1-5","N",0,"0",0,"0","Reported all required service line types",216,0,0,0,216,"N","N",NA,"N",3858341-08-04,"Y","Sanitary Survey, Complete","N","N","No deficiencies or recommendations","No deficiencies or recommendations","No deficiencies or recommendations","No deficiencies or recommendations","Not Applicable","No deficiencies or recommendations","No deficiencies or recommendations","No deficiencies or recommendations","No deficiencies or recommendations","No deficiencies or recommendations","Not evaluated","N/A - No DWSRF",0,"0",NA,NA,NA,NA,NA,NA,NA,NA,NA,NA,"Data Not Available","Data Not Available","Data Not Available","Data Not Available","Data Not Available","Data Not Available","Data Not Available","Data Not Available","	
https://echo.epa.gov/detailed-facility-report?fid=110012830339"
"44894","Herbert Grigg I-C","VI3000477","110047073509","Region 2","0","","St. Croix Island","","000","010","Territory","US Virgin Islands","Community water system","State or Territorial Government","N","N","Groundwater",133,"<=500",2,"2026Q2",4,"1-10",0,"0","No HBV Identified",0,"0","No HBV Identified",0,"0",0,"0",8,"6-10",0,"0","N",0,"0",0,"0","Did not report any required service line types",NA,NA,NA,NA,NA,"N","N",NA,"N",NA,"Y","Record Not Available or Not Reported to EPA","Record Not Available or Not Reported to EPA","Record Not Available or Not Reported to EPA","Record Not Available or Not Reported to EPA","Record Not Available or Not Reported to EPA","Record Not Available or Not Reported to EPA","Record Not Available or Not Reported to EPA","Record Not Available or Not Reported to EPA","Record Not Available or Not Reported to EPA","Record Not Available or Not Reported to EPA","Record Not Available or Not Reported to EPA","Record Not Available or Not Reported to EPA","Record Not Available or Not Reported to EPA","Record Not Available or Not Reported to EPA","N/A - No DWSRF",0,"0",NA,NA,NA,NA,NA,NA,NA,NA,NA,NA,"Data Not Available","Data Not Available","Data Not Available","Data Not Available","Data Not Available","Data Not Available","Data Not Available","Data Not Available","	
https://echo.epa.gov/detailed-facility-report?fid=110047073509"
"44895","Saman Villas","VI3000522","110050750585","Region 2","0","","St. Croix Island","","000","010","Territory","US Virgin Islands","Community water system","Private","N","N","Groundwater",70,"<=500",1,"2026Q2",2,"1-10",1,"1-5","Lead and Copper Rule Revisions",1,"1-5","Lead and Copper Rule Revisions",0,"0",0,"0",1,"1-5",0,"0","N",0,"0",0,"0","Did not report any required service line types",NA,NA,NA,NA,NA,"N","N",NA,"N",3912985-10-31,"Y","Sanitary Survey, Complete","N","N","No deficiencies or recommendations","No deficiencies or recommendations","No deficiencies or recommendations","No deficiencies or recommendations","Not Applicable","No deficiencies or recommendations","No deficiencies or recommendations","No deficiencies or recommendations","No deficiencies or recommendations","No deficiencies or recommendations","Not evaluated","N/A - No DWSRF",0,"0",NA,NA,NA,NA,NA,NA,NA,NA,NA,NA,"Data Not Available","Data Not Available","Data Not Available","Data Not Available","Data Not Available","Data Not Available","Data Not Available","Data Not Available","	
https://echo.epa.gov/detailed-facility-report?fid=110050750585"
"44896","Sweet Lime Village","VI3000524","110047330900","Region 2","0","","St. Croix Island","","000","010","Territory","US Virgin Islands","Community water system","Private","N","N","Groundwater",28,"<=500",1,"2026Q2",0,"0",0,"0","No HBV Identified",0,"0","No HBV Identified",0,"0",0,"0",0,"0",0,"0","Y",4,"4-5",0,"0","Did not report any required service line types",NA,NA,NA,NA,NA,"N","N",NA,"N",3298661-12-04,"Y","Sanitary Survey, Complete","N","N","No deficiencies or recommendations","No deficiencies or recommendations","No deficiencies or recommendations","No deficiencies or recommendations","Not Applicable","No deficiencies or recommendations","No deficiencies or recommendations","No deficiencies or recommendations","No deficiencies or recommendations","No deficiencies or recommendations","Not evaluated","N/A - No DWSRF",0,"0",NA,NA,NA,NA,NA,NA,NA,NA,NA,NA,"Data Not Available","Data Not Available","Data Not Available","Data Not Available","Data Not Available","Data Not Available","Data Not Available","Data Not Available","	
https://echo.epa.gov/detailed-facility-report?fid=110047330900"
"44897","Genip Gardens","VI3000549","110070763747","Region 2","0","","St. Croix Island","","000","010","Territory","US Virgin Islands","Community water system","Private","N","N","Groundwater",28,"<=500",28,"2026Q2",2,"1-10",1,"1-5","Lead and Copper Rule Revisions",1,"1-5","Lead and Copper Rule Revisions",0,"0",0,"0",1,"1-5",0,"0","N",0,"0",0,"0","Reported all required service line types",0,0,0,138,138,"N","N",NA,"N",NA,"Y","Record Not Available or Not Reported to EPA","Record Not Available or Not Reported to EPA","Record Not Available or Not Reported to EPA","Record Not Available or Not Reported to EPA","Record Not Available or Not Reported to EPA","Record Not Available or Not Reported to EPA","Record Not Available or Not Reported to EPA","Record Not Available or Not Reported to EPA","Record Not Available or Not Reported to EPA","Record Not Available or Not Reported to EPA","Record Not Available or Not Reported to EPA","Record Not Available or Not Reported to EPA","Record Not Available or Not Reported to EPA","Record Not Available or Not Reported to EPA","N/A - No DWSRF",0,"0",NA,NA,NA,NA,NA,NA,NA,NA,NA,NA,"Data Not Available","Data Not Available","Data Not Available","Data Not Available","Data Not Available","Data Not Available","Data Not Available","Data Not Available","	
https://echo.epa.gov/detailed-facility-report?fid=110070763747"
"44898","Flamboyant Gardens E","VI3000551","110070763746","Region 2","0","","St. Croix Island","","000","010","Territory","US Virgin Islands","Community water system","Private","N","N","Groundwater",25,"<=500",1,"2026Q2",0,"0",0,"0","No HBV Identified",1,"1-5","Lead and Copper Rule Revisions",0,"0",0,"0",1,"1-5",0,"0","N",0,"0",0,"0","Reported all required service line types",0,0,0,72,72,"N","N",NA,"N",NA,"Y","Record Not Available or Not Reported to EPA","Record Not Available or Not Reported to EPA","Record Not Available or Not Reported to EPA","Record Not Available or Not Reported to EPA","Record Not Available or Not Reported to EPA","Record Not Available or Not Reported to EPA","Record Not Available or Not Reported to EPA","Record Not Available or Not Reported to EPA","Record Not Available or Not Reported to EPA","Record Not Available or Not Reported to EPA","Record Not Available or Not Reported to EPA","Record Not Available or Not Reported to EPA","Record Not Available or Not Reported to EPA","Record Not Available or Not Reported to EPA","N/A - No DWSRF",0,"0",NA,NA,NA,NA,NA,NA,NA,NA,NA,NA,"Data Not Available","Data Not Available","Data Not Available","Data Not Available","Data Not Available","Data Not Available","Data Not Available","Data Not Available","	
https://echo.epa.gov/detailed-facility-report?fid=110070763746"
"44899","Flamboyant Gardens F","VI3000552","110070763744","Region 2","0","","St. Croix Island","","000","010","Territory","US Virgin Islands","Community water system","Private","N","N","Groundwater",25,"<=500",1,"2026Q2",0,"0",0,"0","No HBV Identified",1,"1-5","Lead and Copper Rule Revisions",0,"0",0,"0",1,"1-5",0,"0","N",0,"0",0,"0","Reported all required service line types",0,0,0,73,73,"N","N",NA,"N",NA,"Y","Record Not Available or Not Reported to EPA","Record Not Available or Not Reported to EPA","Record Not Available or Not Reported to EPA","Record Not Available or Not Reported to EPA","Record Not Available or Not Reported to EPA","Record Not Available or Not Reported to EPA","Record Not Available or Not Reported to EPA","Record Not Available or Not Reported to EPA","Record Not Available or Not Reported to EPA","Record Not Available or Not Reported to EPA","Record Not Available or Not Reported to EPA","Record Not Available or Not Reported to EPA","Record Not Available or Not Reported to EPA","Record Not Available or Not Reported to EPA","N/A - No DWSRF",0,"0",NA,NA,NA,NA,NA,NA,NA,NA,NA,NA,"Data Not Available","Data Not Available","Data Not Available","Data Not Available","Data Not Available","Data Not Available","Data Not Available","Data Not Available","	
https://echo.epa.gov/detailed-facility-report?fid=110070763744"
"44900","Flamboyant Gardens G","VI3000553","110070763745","Region 2","0","","St. Croix Island","","000","010","Territory","US Virgin Islands","Community water system","Private","N","N","Groundwater",25,"<=500",25,"2026Q2",0,"0",0,"0","No HBV Identified",1,"1-5","Lead and Copper Rule Revisions",0,"0",0,"0",1,"1-5",0,"0","N",0,"0",0,"0","Reported all required service line types",0,0,0,50,50,"N","N",NA,"N",NA,"Y","Record Not Available or Not Reported to EPA","Record Not Available or Not Reported to EPA","Record Not Available or Not Reported to EPA","Record Not Available or Not Reported to EPA","Record Not Available or Not Reported to EPA","Record Not Available or Not Reported to EPA","Record Not Available or Not Reported to EPA","Record Not Available or Not Reported to EPA","Record Not Available or Not Reported to EPA","Record Not Available or Not Reported to EPA","Record Not Available or Not Reported to EPA","Record Not Available or Not Reported to EPA","Record Not Available or Not Reported to EPA","Record Not Available or Not Reported to EPA","N/A - No DWSRF",0,"0",NA,NA,NA,NA,NA,NA,NA,NA,NA,NA,"Data Not Available","Data Not Available","Data Not Available","Data Not Available","Data Not Available","Data Not Available","Data Not Available","Data Not Available","	
https://echo.epa.gov/detailed-facility-report?fid=110070763745"
"44901","Flamboyant Gardens I","VI3000554","110070763748","Region 2","0","","St. Croix Island","","000","010","Territory","US Virgin Islands","Community water system","Private","N","N","Groundwater",25,"<=500",1,"2026Q2",0,"0",0,"0","No HBV Identified",2,"1-5","Lead and Copper Rule Revisions | Revised Total Coliform Rule",0,"0",0,"0",2,"1-5",0,"0","N",0,"0",0,"0","Reported all required service line types",0,0,0,73,73,"N","N",NA,"N",NA,"Y","Record Not Available or Not Reported to EPA","Record Not Available or Not Reported to EPA","Record Not Available or Not Reported to EPA","Record Not Available or Not Reported to EPA","Record Not Available or Not Reported to EPA","Record Not Available or Not Reported to EPA","Record Not Available or Not Reported to EPA","Record Not Available or Not Reported to EPA","Record Not Available or Not Reported to EPA","Record Not Available or Not Reported to EPA","Record Not Available or Not Reported to EPA","Record Not Available or Not Reported to EPA","Record Not Available or Not Reported to EPA","Record Not Available or Not Reported to EPA","N/A - No DWSRF",0,"0",NA,NA,NA,NA,NA,NA,NA,NA,NA,NA,"Data Not Available","Data Not Available","Data Not Available","Data Not Available","Data Not Available","Data Not Available","Data Not Available","Data Not Available","	
https://echo.epa.gov/detailed-facility-report?fid=110070763748"
"44902","Flamboyant Gardens J","VI3000555","110070763743","Region 2","0","","St. Croix Island","","000","010","Territory","US Virgin Islands","Community water system","Private","N","N","Groundwater",25,"<=500",12,"2026Q2",0,"0",0,"0","No HBV Identified",2,"1-5","Lead and Copper Rule Revisions | Revised Total Coliform Rule",0,"0",0,"0",2,"1-5",0,"0","N",0,"0",0,"0","Reported all required service line types",0,0,0,83,83,"N","N",NA,"N",NA,"Y","Record Not Available or Not Reported to EPA","Record Not Available or Not Reported to EPA","Record Not Available or Not Reported to EPA","Record Not Available or Not Reported to EPA","Record Not Available or Not Reported to EPA","Record Not Available or Not Reported to EPA","Record Not Available or Not Reported to EPA","Record Not Available or Not Reported to EPA","Record Not Available or Not Reported to EPA","Record Not Available or Not Reported to EPA","Record Not Available or Not Reported to EPA","Record Not Available or Not Reported to EPA","Record Not Available or Not Reported to EPA","Record Not Available or Not Reported to EPA","N/A - No DWSRF",0,"0",NA,NA,NA,NA,NA,NA,NA,NA,NA,NA,"Data Not Available","Data Not Available","Data Not Available","Data Not Available","Data Not Available","Data Not Available","Data Not Available","Data Not Available","	
https://echo.epa.gov/detailed-facility-report?fid=110070763743"
"44903","Louise E Brown III","VI3000560","110071767677","Region 2","0","","St. Croix Island","","000","010","Territory","US Virgin Islands","Community water system","Local government","N","N","Groundwater",181,"<=500",1,"2026Q2",2,"1-10",1,"1-5","Lead and Copper Rule Revisions",2,"1-5","Lead and Copper Rule Revisions | Revised Total Coliform Rule",0,"0",0,"0",2,"1-5",0,"0","N",0,"0",0,"0","Did not report any required service line types",NA,NA,NA,NA,NA,"N","N",NA,"N",NA,"Y","Record Not Available or Not Reported to EPA","Record Not Available or Not Reported to EPA","Record Not Available or Not Reported to EPA","Record Not Available or Not Reported to EPA","Record Not Available or Not Reported to EPA","Record Not Available or Not Reported to EPA","Record Not Available or Not Reported to EPA","Record Not Available or Not Reported to EPA","Record Not Available or Not Reported to EPA","Record Not Available or Not Reported to EPA","Record Not Available or Not Reported to EPA","Record Not Available or Not Reported to EPA","Record Not Available or Not Reported to EPA","Record Not Available or Not Reported to EPA","N/A - No DWSRF",0,"0",NA,NA,NA,NA,NA,NA,NA,NA,NA,NA,"Data Not Available","Data Not Available","Data Not Available","Data Not Available","Data Not Available","Data Not Available","Data Not Available","Data Not Available","	
https://echo.epa.gov/detailed-facility-report?fid=110071767677"
